{"type":"FeatureCollection", "features": [
{"type":"Feature","geometry":{"type":"Polygon","coordinates":[[[103.801995,1.281365],[103.803025,1.27932],[103.80289,1.277953],[103.802176,1.276069],[103.801963,1.274927],[103.802209,1.272694],[103.801863,1.272464],[103.800728,1.270614],[103.800285,1.270082],[103.79921,1.268202],[103.799717,1.267625],[103.801299,1.266451],[103.801001,1.265889],[103.802425,1.264808],[103.804125,1.263099],[103.805142,1.262299],[103.805443,1.262933],[103.805527,1.263756],[103.806529,1.264699],[103.806279,1.265006],[103.807218,1.265882],[103.808267,1.265104],[103.808866,1.265007],[103.809885,1.265233],[103.810187,1.264993],[103.811191,1.266395],[103.812405,1.266417],[103.813314,1.265983],[103.814939,1.264512],[103.813241,1.263729],[103.812239,1.264784],[103.811475,1.264801],[103.811121,1.264108],[103.810428,1.263869],[103.810333,1.263214],[103.811545,1.262723],[103.813411,1.262976],[103.813113,1.26353],[103.815052,1.264409],[103.815816,1.263826],[103.81957,1.263239],[103.819626,1.262165],[103.81806,1.262176],[103.818061,1.261958],[103.819863,1.261947],[103.819907,1.26309],[103.823251,1.263073],[103.823378,1.262505],[103.823398,1.260835],[103.82319,1.260242],[103.823348,1.259463],[103.823202,1.258642],[103.823467,1.258507],[103.823645,1.258418],[103.824011,1.258232],[103.824023,1.260158],[103.824843,1.259014],[103.825626,1.258322],[103.826811,1.257664],[103.827878,1.257502],[103.829325,1.256792],[103.830505,1.256749],[103.831063,1.257435],[103.831899,1.257163],[103.831264,1.25642],[103.836369,1.25481],[103.842409,1.25779],[103.842476,1.257899],[103.836194,1.26381],[103.836087,1.26385],[103.830421,1.263628],[103.824407,1.260194],[103.824095,1.261498],[103.824118,1.263085],[103.82464,1.263158],[103.832081,1.267414],[103.838921,1.267662],[103.839451,1.267618],[103.845204,1.262205],[103.84599,1.261559],[103.846722,1.262448],[103.844283,1.265541],[103.845701,1.266837],[103.851174,1.260738],[103.852057,1.261495],[103.850669,1.263043],[103.851571,1.264141],[103.851566,1.268105],[103.851564,1.269263],[103.850164,1.270084],[103.847911,1.27159],[103.846989,1.272038],[103.845571,1.272355],[103.845139,1.27262],[103.842155,1.272589],[103.841372,1.274155],[103.840891,1.275725],[103.840597,1.277547],[103.839832,1.279173],[103.839242,1.280792],[103.838585,1.281474],[103.836413,1.282872],[103.835485,1.283822],[103.834914,1.285146],[103.834758,1.285855],[103.835002,1.287269],[103.835062,1.288462],[103.834917,1.289579],[103.833428,1.29237],[103.831806,1.292155],[103.831045,1.29208],[103.828597,1.29272],[103.826106,1.292425],[103.824389,1.29193],[103.821617,1.293572],[103.817868,1.293929],[103.817403,1.294333],[103.815977,1.294106],[103.815364,1.291523],[103.809579,1.29248],[103.808874,1.292387],[103.80813,1.291608],[103.805067,1.288004],[103.803188,1.286772],[103.802739,1.28619],[103.801619,1.284164],[103.801262,1.283213],[103.801303,1.282779],[103.801995,1.281365]]]},"properties":{"PLN_AREA_N":"BUKIT MERAH"}},
{"type":"Feature","geometry":{"type":"Polygon","coordinates":[[[103.848523,1.28221],[103.849284,1.283443],[103.849656,1.283796],[103.84913,1.284319],[103.847183,1.285435],[103.843133,1.287782],[103.841709,1.288104],[103.840087,1.289191],[103.83866,1.288822],[103.837972,1.287977],[103.837096,1.287654],[103.836371,1.28686],[103.83583,1.287425],[103.835002,1.287269],[103.834758,1.285855],[103.834914,1.285146],[103.835485,1.283822],[103.836413,1.282872],[103.838585,1.281474],[103.839242,1.280792],[103.839832,1.279173],[103.840597,1.277547],[103.840891,1.275725],[103.841372,1.274155],[103.841888,1.274817],[103.84306,1.274561],[103.843298,1.275694],[103.844518,1.275511],[103.845186,1.27916],[103.844051,1.280614],[103.844769,1.28134],[103.845233,1.280805],[103.845935,1.28075],[103.846209,1.280195],[103.847582,1.279528],[103.848582,1.281132],[103.849188,1.281814],[103.848523,1.28221]]]},"properties":{"PLN_AREA_N":"OUTRAM"}},
{"type":"Feature","geometry":{"type":"Polygon","coordinates":[[[103.841372,1.274155],[103.842155,1.272589],[103.845139,1.27262],[103.845571,1.272355],[103.846989,1.272038],[103.847911,1.27159],[103.850164,1.270084],[103.851564,1.269263],[103.852491,1.26872],[103.858426,1.278043],[103.859984,1.280428],[103.860683,1.281702],[103.861309,1.283473],[103.861526,1.285096],[103.861608,1.288557],[103.863771,1.288453],[103.864728,1.28885],[103.86502,1.289853],[103.864452,1.294013],[103.865322,1.294173],[103.865253,1.29701],[103.865569,1.298395],[103.86608,1.299032],[103.867979,1.300801],[103.868668,1.301859],[103.869065,1.302881],[103.868885,1.303765],[103.868506,1.304326],[103.86696,1.303325],[103.866153,1.304364],[103.864254,1.302783],[103.862277,1.301582],[103.860361,1.300497],[103.859423,1.299782],[103.857887,1.301252],[103.856188,1.302481],[103.854461,1.303086],[103.854027,1.30271],[103.854635,1.30182],[103.855854,1.300632],[103.852306,1.296384],[103.850793,1.294785],[103.849906,1.293233],[103.848675,1.290617],[103.848267,1.290082],[103.848055,1.289819],[103.849377,1.289027],[103.850407,1.286879],[103.850816,1.2863],[103.849539,1.285575],[103.847775,1.286415],[103.847183,1.285435],[103.84913,1.284319],[103.849656,1.283796],[103.849284,1.283443],[103.848523,1.28221],[103.849188,1.281814],[103.848582,1.281132],[103.847582,1.279528],[103.846209,1.280195],[103.845935,1.28075],[103.845233,1.280805],[103.844769,1.28134],[103.844051,1.280614],[103.845186,1.27916],[103.844518,1.275511],[103.843298,1.275694],[103.84306,1.274561],[103.841888,1.274817],[103.841372,1.274155]]]},"properties":{"PLN_AREA_N":"DOWNTOWN CORE"}},
{"type":"Feature","geometry":{"type":"Polygon","coordinates":[[[103.858426,1.278043],[103.860915,1.276394],[103.866427,1.272838],[103.871251,1.276398],[103.87183,1.277142],[103.872052,1.277777],[103.87207,1.278764],[103.871433,1.280215],[103.871443,1.280493],[103.872516,1.281285],[103.864728,1.28885],[103.863771,1.288453],[103.861608,1.288557],[103.861526,1.285096],[103.861309,1.283473],[103.860683,1.281702],[103.859984,1.280428],[103.858426,1.278043]]]},"properties":{"PLN_AREA_N":"MARINA SOUTH"}},
{"type":"Feature","geometry":{"type":"Polygon","coordinates":[[[103.872516,1.281285],[103.87375,1.282195],[103.875307,1.280936],[103.875944,1.280786],[103.878978,1.282858],[103.881079,1.284839],[103.8783,1.287969],[103.875476,1.291279],[103.875436,1.292144],[103.875671,1.293189],[103.876492,1.294675],[103.877668,1.295522],[103.872752,1.295363],[103.870131,1.295061],[103.865322,1.294173],[103.864452,1.294013],[103.86502,1.289853],[103.864728,1.28885],[103.872516,1.281285]]]},"properties":{"PLN_AREA_N":"MARINA EAST"}},
{"type":"Feature","geometry":{"type":"Polygon","coordinates":[[[103.841937,1.294402],[103.842066,1.295069],[103.842988,1.295602],[103.843305,1.296677],[103.842241,1.298664],[103.841358,1.299073],[103.840487,1.299276],[103.839657,1.299243],[103.838833,1.29824],[103.837752,1.298461],[103.837367,1.299699],[103.835375,1.300168],[103.834276,1.30082],[103.832386,1.302704],[103.831585,1.303384],[103.829828,1.304416],[103.82846,1.30465],[103.827076,1.304173],[103.825917,1.303237],[103.825223,1.302925],[103.823413,1.302678],[103.823268,1.301171],[103.823587,1.300621],[103.825628,1.299509],[103.826502,1.299198],[103.827733,1.299038],[103.829287,1.298991],[103.82995,1.299196],[103.830206,1.296139],[103.830338,1.29561],[103.832044,1.296227],[103.832918,1.296291],[103.832594,1.295199],[103.834105,1.292473],[103.835596,1.292421],[103.836324,1.29271],[103.838167,1.291801],[103.838769,1.290967],[103.839551,1.291254],[103.840861,1.292231],[103.842141,1.29413],[103.841937,1.294402]]]},"properties":{"PLN_AREA_N":"RIVER VALLEY"}},
{"type":"Feature","geometry":{"type":"Polygon","coordinates":[[[103.848267,1.290082],[103.84739,1.290428],[103.845341,1.291837],[103.842141,1.29413],[103.840861,1.292231],[103.839551,1.291254],[103.838769,1.290967],[103.838167,1.291801],[103.836324,1.29271],[103.835596,1.292421],[103.834105,1.292473],[103.832594,1.295199],[103.832918,1.296291],[103.832044,1.296227],[103.830338,1.29561],[103.831352,1.293001],[103.831806,1.292155],[103.833428,1.29237],[103.834917,1.289579],[103.835062,1.288462],[103.835002,1.287269],[103.83583,1.287425],[103.836371,1.28686],[103.837096,1.287654],[103.837972,1.287977],[103.83866,1.288822],[103.840087,1.289191],[103.841709,1.288104],[103.843133,1.287782],[103.847183,1.285435],[103.847775,1.286415],[103.849539,1.285575],[103.850816,1.2863],[103.850407,1.286879],[103.849377,1.289027],[103.848055,1.289819],[103.848267,1.290082]]]},"properties":{"PLN_AREA_N":"SINGAPORE RIVER"}},
{"type":"Feature","geometry":{"type":"MultiPolygon","coordinates":[[[[103.752775,1.225843],[103.75227,1.226203],[103.751554,1.226094],[103.751942,1.224885],[103.752252,1.224418],[103.752209,1.223777],[103.752973,1.223751],[103.752828,1.224485],[103.753278,1.225287],[103.752775,1.225843]]],[[[103.747598,1.228279],[103.747072,1.228287],[103.746805,1.227758],[103.747218,1.22657],[103.746973,1.225567],[103.747854,1.225181],[103.748038,1.224475],[103.747643,1.223698],[103.74865,1.222979],[103.749242,1.222983],[103.750179,1.223438],[103.749478,1.223963],[103.749482,1.224632],[103.750141,1.225293],[103.750186,1.225791],[103.749506,1.226086],[103.747743,1.226195],[103.747271,1.226576],[103.747032,1.227531],[103.747071,1.228211],[103.747598,1.228279]]],[[[103.761804,1.240428],[103.761219,1.240363],[103.760068,1.239846],[103.760093,1.239038],[103.759625,1.238819],[103.759739,1.236697],[103.760371,1.234286],[103.760406,1.23339],[103.760714,1.232452],[103.762992,1.231365],[103.762976,1.231141],[103.764557,1.231193],[103.767124,1.230732],[103.768309,1.230376],[103.77078,1.229325],[103.772543,1.227703],[103.772569,1.227049],[103.773124,1.225035],[103.774573,1.224785],[103.776314,1.224763],[103.778861,1.224014],[103.779073,1.224525],[103.777659,1.227186],[103.776798,1.227561],[103.777109,1.228697],[103.776577,1.229499],[103.774356,1.231867],[103.774072,1.231599],[103.771895,1.233692],[103.771317,1.233718],[103.770375,1.234287],[103.770103,1.234988],[103.769449,1.235937],[103.768033,1.237313],[103.766562,1.238501],[103.764908,1.239503],[103.76358,1.23996],[103.761804,1.240428]]],[[[103.7507,1.235718],[103.750241,1.236435],[103.748956,1.237049],[103.746935,1.237333],[103.746287,1.237296],[103.743337,1.236729],[103.74128,1.235359],[103.740011,1.234902],[103.739672,1.234106],[103.74016,1.232873],[103.741028,1.232082],[103.742669,1.23133],[103.74325,1.231236],[103.745263,1.231352],[103.752125,1.229852],[103.759068,1.226252],[103.763843,1.225208],[103.764452,1.225228],[103.768896,1.224996],[103.77078,1.227428],[103.769785,1.228576],[103.769207,1.22881],[103.768205,1.229594],[103.765732,1.230157],[103.764678,1.230132],[103.763608,1.229771],[103.761357,1.230439],[103.76029,1.23093],[103.759355,1.231612],[103.758994,1.232429],[103.75784,1.236239],[103.757397,1.236659],[103.756473,1.236528],[103.754959,1.235363],[103.754475,1.234283],[103.7507,1.235718]]],[[[103.711336,1.297363],[103.711289,1.29316],[103.711509,1.292128],[103.710632,1.291866],[103.708806,1.292649],[103.708,1.292443],[103.706412,1.292463],[103.705304,1.291844],[103.70476,1.291025],[103.704167,1.290967],[103.703421,1.290233],[103.698972,1.2847],[103.697973,1.283553],[103.696304,1.28218],[103.695721,1.281396],[103.696332,1.280907],[103.695981,1.279812],[103.695582,1.279155],[103.696514,1.277562],[103.695379,1.277627],[103.695643,1.276885],[103.694818,1.276905],[103.693368,1.275999],[103.692091,1.27707],[103.688059,1.272752],[103.684226,1.276532],[103.687229,1.278861],[103.691015,1.282558],[103.691641,1.2848],[103.696822,1.290385],[103.696833,1.290972],[103.696069,1.291182],[103.692754,1.290688],[103.691444,1.290665],[103.688646,1.290818],[103.688,1.290724],[103.685631,1.290082],[103.683565,1.289265],[103.676802,1.285212],[103.674841,1.283865],[103.660803,1.274],[103.658761,1.276852],[103.653726,1.272911],[103.653725,1.268014],[103.654917,1.265111],[103.657736,1.258069],[103.663017,1.244975],[103.665028,1.24263],[103.668617,1.235119],[103.669428,1.234604],[103.672652,1.234595],[103.67315,1.234218],[103.673855,1.232738],[103.674495,1.232258],[103.674944,1.232256],[103.676477,1.229019],[103.676568,1.2284],[103.676118,1.227949],[103.675926,1.227264],[103.672413,1.223704],[103.671714,1.223849],[103.670149,1.227102],[103.66998,1.228282],[103.669616,1.228295],[103.6698,1.226964],[103.671428,1.223544],[103.671848,1.223042],[103.673067,1.222591],[103.673872,1.222771],[103.674412,1.223155],[103.682871,1.23171],[103.682922,1.232178],[103.682544,1.23309],[103.687003,1.237596],[103.687654,1.236942],[103.688071,1.236942],[103.689874,1.238878],[103.690433,1.240204],[103.690426,1.241822],[103.685913,1.257733],[103.680128,1.263061],[103.68497,1.2684],[103.69041,1.263394],[103.691525,1.259395],[103.694124,1.250257],[103.696407,1.250926],[103.705024,1.254136],[103.707289,1.255081],[103.713734,1.258686],[103.71419,1.259667],[103.713681,1.260308],[103.710419,1.262159],[103.709633,1.262832],[103.70481,1.265594],[103.705799,1.267896],[103.706123,1.268353],[103.708283,1.267091],[103.709022,1.267211],[103.710189,1.269276],[103.710703,1.268219],[103.7108,1.26674],[103.717752,1.262974],[103.719639,1.261363],[103.720686,1.260987],[103.721521,1.260914],[103.722811,1.25994],[103.723531,1.259955],[103.729034,1.262502],[103.73355,1.266012],[103.733675,1.266577],[103.732618,1.268642],[103.73163,1.269456],[103.730055,1.270124],[103.72609,1.27129],[103.72639,1.271671],[103.729045,1.270712],[103.730539,1.270341],[103.731614,1.2704],[103.732783,1.269263],[103.734763,1.27011],[103.737152,1.270624],[103.738481,1.271405],[103.739716,1.272469],[103.740125,1.273101],[103.740044,1.273799],[103.735857,1.278044],[103.735412,1.278247],[103.733779,1.278547],[103.73195,1.278662],[103.731589,1.279726],[103.730907,1.279414],[103.73069,1.28019],[103.729858,1.280938],[103.72919,1.280954],[103.72843,1.282071],[103.726456,1.284174],[103.726142,1.286434],[103.725325,1.288489],[103.724516,1.289596],[103.721912,1.291042],[103.721106,1.29133],[103.720112,1.291081],[103.719658,1.291608],[103.718158,1.291993],[103.717824,1.291858],[103.717354,1.290674],[103.712581,1.291589],[103.711911,1.29254],[103.711809,1.293347],[103.711853,1.297356],[103.711336,1.297363]]],[[[103.723283,1.190537],[103.723561,1.191012],[103.722948,1.191489],[103.722688,1.190773],[103.723283,1.190537]]],[[[103.7413,1.160946],[103.740564,1.160134],[103.740396,1.159193],[103.740675,1.158699],[103.7413,1.160946]]],[[[103.736811,1.188807],[103.737943,1.190878],[103.736864,1.190661],[103.736334,1.190218],[103.736173,1.189495],[103.735535,1.189024],[103.736038,1.188672],[103.736811,1.188807]]],[[[103.733139,1.176333],[103.732315,1.176203],[103.731389,1.176296],[103.730674,1.175913],[103.730124,1.175053],[103.729364,1.175175],[103.728741,1.174261],[103.728266,1.173868],[103.728297,1.173008],[103.729304,1.172844],[103.729697,1.172545],[103.730321,1.172731],[103.731376,1.171907],[103.732315,1.169277],[103.733973,1.16711],[103.734778,1.167091],[103.735241,1.167613],[103.736655,1.16674],[103.738443,1.166519],[103.738717,1.166872],[103.739632,1.167254],[103.739597,1.168513],[103.739199,1.169879],[103.739586,1.170194],[103.739904,1.17211],[103.740991,1.172764],[103.7414,1.173336],[103.741463,1.174378],[103.740439,1.174635],[103.739507,1.175185],[103.738643,1.175295],[103.737656,1.175797],[103.736259,1.17553],[103.734603,1.174927],[103.734527,1.175663],[103.733139,1.176333]]],[[[103.727408,1.192263],[103.725691,1.191875],[103.72519,1.191934],[103.723767,1.191119],[103.723315,1.190513],[103.723163,1.1897],[103.722082,1.188235],[103.722605,1.186971],[103.722136,1.186716],[103.721294,1.187592],[103.719139,1.18719],[103.718169,1.187377],[103.717385,1.187169],[103.717189,1.186487],[103.717887,1.186093],[103.718415,1.184369],[103.718461,1.183633],[103.718952,1.182968],[103.719091,1.181733],[103.719355,1.181202],[103.719085,1.180083],[103.719387,1.180042],[103.720036,1.180901],[103.720895,1.181732],[103.721195,1.181221],[103.721992,1.181773],[103.724066,1.182823],[103.724864,1.183121],[103.725443,1.182581],[103.726481,1.183237],[103.72755,1.18349],[103.728389,1.183352],[103.728666,1.183873],[103.728495,1.185538],[103.728894,1.185865],[103.729673,1.185948],[103.730024,1.186683],[103.730484,1.186897],[103.73155,1.186705],[103.731785,1.187138],[103.731671,1.188581],[103.730778,1.189899],[103.730166,1.191081],[103.729576,1.191409],[103.729243,1.192013],[103.72869,1.191928],[103.727408,1.192263]]],[[[103.723453,1.213133],[103.721912,1.213491],[103.721125,1.213327],[103.719221,1.212558],[103.716914,1.211971],[103.714277,1.211416],[103.713442,1.210936],[103.712828,1.210312],[103.711729,1.208702],[103.710673,1.207714],[103.708913,1.206836],[103.707457,1.205701],[103.707106,1.20472],[103.707785,1.20407],[103.710775,1.203649],[103.713748,1.203128],[103.716386,1.202588],[103.718144,1.202603],[103.720326,1.203125],[103.723186,1.203262],[103.724713,1.203036],[103.7258,1.202546],[103.726897,1.202502],[103.729681,1.203115],[103.729663,1.204354],[103.729816,1.204901],[103.7311,1.204812],[103.731741,1.20444],[103.732224,1.203322],[103.73335,1.203394],[103.733605,1.204037],[103.7324,1.205387],[103.731832,1.205179],[103.730287,1.206357],[103.729654,1.206698],[103.728416,1.206831],[103.727543,1.207907],[103.727497,1.208406],[103.728059,1.209155],[103.729551,1.209599],[103.729813,1.210217],[103.729437,1.210934],[103.728617,1.211376],[103.728205,1.210886],[103.727043,1.210151],[103.725901,1.209888],[103.725314,1.209975],[103.724218,1.210606],[103.723262,1.212109],[103.723453,1.213133]]],[[[103.786477,1.215694],[103.786251,1.215265],[103.787082,1.21501],[103.78715,1.215431],[103.786477,1.215694]]],[[[103.758065,1.197245],[103.755348,1.197242],[103.755348,1.196311],[103.758868,1.196312],[103.75887,1.197242],[103.758065,1.197245]]],[[[103.793034,1.210551],[103.792413,1.210826],[103.791817,1.210503],[103.791975,1.209607],[103.791977,1.207694],[103.793107,1.205077],[103.793784,1.204298],[103.798426,1.201435],[103.800831,1.200664],[103.801385,1.200673],[103.801555,1.201454],[103.80072,1.202507],[103.798403,1.204766],[103.797931,1.205465],[103.79661,1.207907],[103.796255,1.207859],[103.795326,1.208387],[103.795003,1.208944],[103.794458,1.209184],[103.793034,1.210551]]],[[[103.76003,1.212995],[103.759499,1.214519],[103.759553,1.21508],[103.759058,1.217278],[103.758758,1.21502],[103.7592,1.21428],[103.759206,1.212093],[103.758925,1.211234],[103.758786,1.209816],[103.758138,1.209064],[103.757649,1.206146],[103.758448,1.203697],[103.75841,1.2031],[103.758822,1.202012],[103.759646,1.201022],[103.7607,1.202091],[103.761892,1.202089],[103.762994,1.203175],[103.763308,1.203012],[103.763729,1.201808],[103.763719,1.200932],[103.763252,1.19969],[103.762384,1.198505],[103.760755,1.196686],[103.760424,1.195835],[103.760562,1.195073],[103.761301,1.194046],[103.763518,1.191877],[103.764782,1.190543],[103.76629,1.189176],[103.767498,1.188542],[103.768742,1.188298],[103.77037,1.188493],[103.77123,1.188843],[103.773353,1.190343],[103.775066,1.191985],[103.775688,1.193271],[103.775835,1.195444],[103.776204,1.196484],[103.776878,1.197012],[103.779495,1.198224],[103.780209,1.198704],[103.781139,1.199778],[103.781584,1.200831],[103.781752,1.201975],[103.781534,1.205787],[103.781075,1.208647],[103.780425,1.210372],[103.775286,1.210286],[103.775288,1.209876],[103.774414,1.209701],[103.772607,1.208969],[103.770886,1.207858],[103.76969,1.207555],[103.768809,1.207692],[103.767772,1.208148],[103.766531,1.208278],[103.76519,1.207868],[103.763799,1.207226],[103.76289,1.207401],[103.762975,1.208448],[103.762421,1.208525],[103.762887,1.210048],[103.761448,1.210261],[103.761017,1.211818],[103.761525,1.21287],[103.760871,1.213185],[103.76003,1.212995]]]]},"properties":{"PLN_AREA_N":"WESTERN ISLANDS"}},
{"type":"Feature","geometry":{"type":"Polygon","coordinates":[[[103.842141,1.29413],[103.845341,1.291837],[103.84739,1.290428],[103.848267,1.290082],[103.848675,1.290617],[103.849906,1.293233],[103.850793,1.294785],[103.852306,1.296384],[103.851639,1.297279],[103.850098,1.298583],[103.849152,1.299141],[103.84946,1.299592],[103.848913,1.299997],[103.848102,1.29969],[103.847344,1.29989],[103.846773,1.300399],[103.846405,1.300085],[103.845425,1.301364],[103.845144,1.301739],[103.844269,1.299595],[103.842984,1.300012],[103.84283,1.299376],[103.841626,1.299754],[103.841358,1.299073],[103.842241,1.298664],[103.843305,1.296677],[103.842988,1.295602],[103.842066,1.295069],[103.841937,1.294402],[103.842141,1.29413]]]},"properties":{"PLN_AREA_N":"MUSEUM"}},
{"type":"Feature","geometry":{"type":"Polygon","coordinates":[[[103.815977,1.294106],[103.816598,1.296767],[103.813025,1.296714],[103.810621,1.296794],[103.809909,1.297164],[103.809322,1.297991],[103.808612,1.298363],[103.808934,1.29938],[103.808399,1.300311],[103.807732,1.29975],[103.804804,1.300482],[103.803856,1.302542],[103.803556,1.304113],[103.803509,1.305588],[103.803192,1.30672],[103.802284,1.307242],[103.800322,1.30874],[103.799761,1.309653],[103.799352,1.308526],[103.798419,1.306916],[103.797702,1.307254],[103.796842,1.307974],[103.797502,1.308776],[103.796802,1.309649],[103.796038,1.309933],[103.795794,1.310588],[103.796108,1.312081],[103.79481,1.312296],[103.793132,1.313391],[103.791323,1.311491],[103.790856,1.310824],[103.790534,1.311923],[103.789601,1.313283],[103.787698,1.314594],[103.786683,1.315799],[103.784791,1.315012],[103.785053,1.314483],[103.78559,1.314442],[103.785779,1.313734],[103.785278,1.311939],[103.785347,1.311088],[103.784601,1.31109],[103.781649,1.312293],[103.779269,1.312856],[103.778539,1.313201],[103.777634,1.314134],[103.771901,1.318182],[103.771201,1.318733],[103.771753,1.316437],[103.772266,1.312582],[103.772166,1.311363],[103.77152,1.308186],[103.771276,1.306557],[103.771165,1.303491],[103.770606,1.301802],[103.769866,1.300419],[103.76978,1.298225],[103.769578,1.296116],[103.769627,1.295496],[103.769102,1.29387],[103.76737,1.29165],[103.766573,1.292409],[103.766102,1.293165],[103.762328,1.301344],[103.761024,1.301025],[103.758665,1.299217],[103.759363,1.298513],[103.759685,1.297903],[103.762993,1.29451],[103.760916,1.291019],[103.76073,1.290598],[103.772278,1.283682],[103.769113,1.278314],[103.75656,1.285839],[103.753012,1.28527],[103.750228,1.280565],[103.750246,1.280496],[103.77067,1.268247],[103.770708,1.268258],[103.776872,1.27867],[103.786633,1.272791],[103.778569,1.259183],[103.785514,1.255012],[103.793587,1.268629],[103.793992,1.269206],[103.798314,1.266633],[103.79921,1.268202],[103.800285,1.270082],[103.800728,1.270614],[103.801863,1.272464],[103.802209,1.272694],[103.801963,1.274927],[103.802176,1.276069],[103.80289,1.277953],[103.803025,1.27932],[103.801995,1.281365],[103.801303,1.282779],[103.801262,1.283213],[103.801619,1.284164],[103.802739,1.28619],[103.803188,1.286772],[103.805067,1.288004],[103.80813,1.291608],[103.808874,1.292387],[103.809579,1.29248],[103.815364,1.291523],[103.815977,1.294106]]]},"properties":{"PLN_AREA_N":"QUEENSTOWN"}},
{"type":"Feature","geometry":{"type":"Polygon","coordinates":[[[103.881079,1.284839],[103.881035,1.284904],[103.883608,1.287624],[103.884194,1.288055],[103.884844,1.288075],[103.885403,1.287757],[103.886049,1.288576],[103.888373,1.290627],[103.889415,1.290834],[103.890028,1.290367],[103.890783,1.291272],[103.893172,1.293452],[103.894294,1.293604],[103.894852,1.293225],[103.895686,1.294068],[103.899147,1.295553],[103.900593,1.295855],[103.904355,1.297386],[103.90638,1.297924],[103.907896,1.298159],[103.91117,1.298949],[103.913239,1.299776],[103.914573,1.300556],[103.915275,1.300643],[103.916189,1.301223],[103.917619,1.301834],[103.917966,1.301667],[103.919509,1.301993],[103.918594,1.306555],[103.91826,1.307471],[103.915985,1.30703],[103.909983,1.305547],[103.908535,1.308257],[103.907663,1.311073],[103.906706,1.313323],[103.901502,1.309541],[103.899903,1.309464],[103.894618,1.309577],[103.889725,1.308589],[103.890091,1.30678],[103.889463,1.306225],[103.88532,1.305524],[103.884592,1.30529],[103.8838,1.304539],[103.884496,1.303528],[103.884733,1.302603],[103.885518,1.301201],[103.885303,1.297327],[103.885329,1.295763],[103.877668,1.295522],[103.876492,1.294675],[103.875671,1.293189],[103.875436,1.292144],[103.875476,1.291279],[103.8783,1.287969],[103.881079,1.284839]]]},"properties":{"PLN_AREA_N":"MARINE PARADE"}},
{"type":"Feature","geometry":{"type":"MultiPolygon","coordinates":[[[[103.831957,1.216951],[103.831685,1.216256],[103.831766,1.215561],[103.832783,1.214866],[103.83328,1.21535],[103.833625,1.216238],[103.833163,1.216813],[103.831957,1.216951]]],[[[103.83486,1.215499],[103.834538,1.214691],[103.833426,1.213478],[103.83462,1.212344],[103.835145,1.21278],[103.836274,1.214794],[103.835305,1.215472],[103.83486,1.215499]]],[[[103.86047,1.224317],[103.859138,1.225082],[103.858222,1.225398],[103.858061,1.224734],[103.859099,1.223472],[103.859912,1.223955],[103.860385,1.223719],[103.860057,1.222896],[103.860423,1.222316],[103.861152,1.222241],[103.862421,1.22143],[103.862763,1.221897],[103.862492,1.222846],[103.861932,1.224037],[103.861403,1.224572],[103.86047,1.224317]]],[[[103.840588,1.228861],[103.840064,1.230726],[103.839536,1.231891],[103.83824,1.23325],[103.837795,1.234189],[103.836619,1.234756],[103.835893,1.234716],[103.835445,1.233836],[103.835317,1.232911],[103.835699,1.231833],[103.836591,1.229931],[103.837573,1.228662],[103.838238,1.228597],[103.839276,1.227651],[103.840149,1.227549],[103.840411,1.227812],[103.840588,1.228861]]],[[[103.855361,1.241162],[103.854852,1.242835],[103.854196,1.24405],[103.853073,1.245201],[103.852094,1.245526],[103.851182,1.244882],[103.84991,1.243112],[103.848048,1.241669],[103.846625,1.240971],[103.84503,1.239611],[103.844702,1.238847],[103.844958,1.237948],[103.845888,1.237692],[103.848044,1.239102],[103.849038,1.24011],[103.850407,1.240523],[103.851184,1.240365],[103.853481,1.238977],[103.85407,1.238862],[103.85491,1.239253],[103.855396,1.240163],[103.855361,1.241162]]],[[[103.859066,1.22068],[103.858628,1.221022],[103.858404,1.221795],[103.856994,1.223208],[103.85642,1.223538],[103.855932,1.224631],[103.855941,1.225656],[103.854472,1.225436],[103.85401,1.225668],[103.853469,1.226404],[103.853239,1.227278],[103.853297,1.228132],[103.853665,1.228819],[103.854334,1.229206],[103.854822,1.22914],[103.85509,1.228508],[103.857065,1.229216],[103.857698,1.229826],[103.85841,1.231306],[103.858252,1.232171],[103.857797,1.232332],[103.856421,1.232023],[103.853539,1.231833],[103.851587,1.231374],[103.851715,1.230626],[103.851181,1.230239],[103.849859,1.230096],[103.849539,1.229677],[103.848601,1.23072],[103.848758,1.231514],[103.848475,1.231706],[103.845875,1.232513],[103.845579,1.23185],[103.846192,1.231441],[103.847408,1.230248],[103.847706,1.230142],[103.848217,1.230863],[103.849391,1.229557],[103.848767,1.228149],[103.846762,1.227152],[103.846788,1.226509],[103.847492,1.226422],[103.848121,1.226677],[103.84908,1.227945],[103.849662,1.2283],[103.850247,1.229066],[103.850239,1.227821],[103.852139,1.227901],[103.852224,1.226262],[103.851665,1.226054],[103.851078,1.226532],[103.850233,1.225765],[103.851261,1.225039],[103.851693,1.224517],[103.852399,1.224235],[103.852084,1.223613],[103.852264,1.222687],[103.851205,1.220994],[103.850579,1.22101],[103.850217,1.220465],[103.849205,1.220988],[103.848722,1.221451],[103.848604,1.222122],[103.84764,1.222241],[103.847063,1.222706],[103.846123,1.22284],[103.845812,1.223391],[103.84512,1.223478],[103.844343,1.223206],[103.843173,1.222169],[103.843652,1.221491],[103.845405,1.219959],[103.846518,1.218835],[103.84869,1.216068],[103.849325,1.214928],[103.849918,1.214861],[103.850778,1.214332],[103.851415,1.213378],[103.851958,1.213623],[103.852209,1.214135],[103.852032,1.214745],[103.851242,1.214955],[103.851138,1.215787],[103.851643,1.216255],[103.851534,1.217443],[103.851131,1.217531],[103.850762,1.21951],[103.851566,1.219651],[103.851292,1.220728],[103.852431,1.222577],[103.853767,1.220833],[103.854241,1.22065],[103.854897,1.219882],[103.855506,1.21948],[103.856222,1.218414],[103.857039,1.218145],[103.857328,1.217596],[103.858079,1.217853],[103.85789,1.219109],[103.858285,1.219867],[103.859066,1.22068]]],[[[103.814235,1.260189],[103.81351,1.260082],[103.81346,1.25941],[103.814722,1.259514],[103.814808,1.260042],[103.814235,1.260189]]],[[[103.815915,1.249138],[103.815215,1.249736],[103.814243,1.249925],[103.814595,1.249105],[103.815705,1.248601],[103.815915,1.249138]]],[[[103.823304,1.257453],[103.823467,1.258507],[103.823202,1.258642],[103.823017,1.257616],[103.821309,1.258381],[103.820964,1.257864],[103.82053,1.258916],[103.819739,1.258891],[103.819559,1.259335],[103.81789,1.260022],[103.817023,1.259998],[103.815401,1.259366],[103.814736,1.258828],[103.814247,1.259034],[103.812494,1.259026],[103.808753,1.260038],[103.808265,1.259787],[103.8074,1.259985],[103.806727,1.259828],[103.806729,1.259374],[103.808777,1.257395],[103.808992,1.256612],[103.80957,1.255868],[103.81069,1.256306],[103.811665,1.255652],[103.811933,1.255177],[103.813096,1.254654],[103.813534,1.2538],[103.814383,1.25354],[103.814929,1.252537],[103.815556,1.252502],[103.816345,1.251455],[103.817007,1.250997],[103.817406,1.250344],[103.818646,1.249461],[103.81977,1.24899],[103.820486,1.249245],[103.821024,1.249731],[103.821719,1.249128],[103.822515,1.24809],[103.823308,1.24792],[103.82407,1.246746],[103.823678,1.245852],[103.827163,1.242025],[103.827206,1.242692],[103.827803,1.242878],[103.828428,1.242669],[103.828934,1.242086],[103.829088,1.241473],[103.830075,1.241125],[103.830449,1.240235],[103.830408,1.239635],[103.831478,1.238536],[103.832583,1.237865],[103.833709,1.237998],[103.834886,1.238978],[103.835976,1.239021],[103.837129,1.239419],[103.837059,1.238679],[103.839588,1.240311],[103.840957,1.24183],[103.841587,1.242293],[103.842225,1.243079],[103.843843,1.244604],[103.844946,1.246295],[103.845838,1.247372],[103.848062,1.250794],[103.848423,1.252114],[103.846463,1.253214],[103.845697,1.253205],[103.844693,1.252637],[103.842274,1.252198],[103.841825,1.252372],[103.841826,1.253449],[103.84147,1.253722],[103.840587,1.253548],[103.839205,1.253994],[103.838353,1.254076],[103.8373,1.253382],[103.83656,1.253201],[103.835187,1.253235],[103.834331,1.253437],[103.833139,1.254352],[103.832091,1.254701],[103.830842,1.254777],[103.829492,1.254501],[103.827237,1.254632],[103.825224,1.25527],[103.824009,1.256349],[103.824011,1.258232],[103.823645,1.258418],[103.823304,1.257453]]]]},"properties":{"PLN_AREA_N":"SOUTHERN ISLANDS"}},
{"type":"Feature","geometry":{"type":"Polygon","coordinates":[[[103.858426,1.278043],[103.852491,1.26872],[103.851564,1.269263],[103.851566,1.268105],[103.852613,1.268106],[103.854393,1.266356],[103.85579,1.265647],[103.856815,1.265703],[103.85748,1.265989],[103.859096,1.267151],[103.860854,1.264699],[103.861725,1.265338],[103.859971,1.267785],[103.863224,1.270143],[103.863065,1.270368],[103.866427,1.272838],[103.860915,1.276394],[103.858426,1.278043]]]},"properties":{"PLN_AREA_N":"STRAITS VIEW"}},
{"type":"Feature","geometry":{"type":"Polygon","coordinates":[[[103.862277,1.301582],[103.860196,1.305009],[103.85963,1.305829],[103.858712,1.306818],[103.854473,1.310618],[103.855414,1.311805],[103.854365,1.31362],[103.853503,1.312729],[103.852485,1.310523],[103.85113,1.308738],[103.85065,1.309109],[103.848764,1.306623],[103.84704,1.308141],[103.84656,1.306907],[103.84867,1.305407],[103.848388,1.303773],[103.848156,1.303453],[103.846041,1.304758],[103.845409,1.303912],[103.845823,1.303308],[103.845373,1.302241],[103.845867,1.302009],[103.845425,1.301364],[103.846405,1.300085],[103.846773,1.300399],[103.847344,1.29989],[103.848102,1.29969],[103.848913,1.299997],[103.84946,1.299592],[103.849152,1.299141],[103.850098,1.298583],[103.851639,1.297279],[103.852306,1.296384],[103.855854,1.300632],[103.854635,1.30182],[103.854027,1.30271],[103.854461,1.303086],[103.856188,1.302481],[103.857887,1.301252],[103.859423,1.299782],[103.860361,1.300497],[103.862277,1.301582]]]},"properties":{"PLN_AREA_N":"ROCHOR"}},
{"type":"Feature","geometry":{"type":"Polygon","coordinates":[[[103.830338,1.29561],[103.830206,1.296139],[103.82995,1.299196],[103.829287,1.298991],[103.827733,1.299038],[103.826502,1.299198],[103.825628,1.299509],[103.823587,1.300621],[103.823268,1.301171],[103.823413,1.302678],[103.823506,1.30355],[103.823291,1.30438],[103.822664,1.305054],[103.823239,1.305277],[103.825102,1.305618],[103.827343,1.307028],[103.827757,1.30745],[103.827774,1.307944],[103.826732,1.30907],[103.827338,1.310246],[103.827809,1.311855],[103.828155,1.312196],[103.829427,1.312602],[103.831052,1.314008],[103.83534,1.317369],[103.835109,1.317548],[103.822653,1.32166],[103.818927,1.322657],[103.813356,1.323295],[103.813025,1.321831],[103.811586,1.320141],[103.808993,1.318703],[103.805193,1.315225],[103.804641,1.314367],[103.803354,1.310194],[103.802284,1.307242],[103.803192,1.30672],[103.803509,1.305588],[103.803556,1.304113],[103.803856,1.302542],[103.804804,1.300482],[103.807732,1.29975],[103.808399,1.300311],[103.808934,1.29938],[103.808612,1.298363],[103.809322,1.297991],[103.809909,1.297164],[103.810621,1.296794],[103.813025,1.296714],[103.816598,1.296767],[103.815977,1.294106],[103.817403,1.294333],[103.817868,1.293929],[103.821617,1.293572],[103.824389,1.29193],[103.826106,1.292425],[103.828597,1.29272],[103.831045,1.29208],[103.831806,1.292155],[103.831352,1.293001],[103.830338,1.29561]]]},"properties":{"PLN_AREA_N":"TANGLIN"}},
{"type":"Feature","geometry":{"type":"Polygon","coordinates":[[[103.841248,1.302794],[103.842621,1.301678],[103.843224,1.300999],[103.842984,1.300012],[103.844269,1.299595],[103.845144,1.301739],[103.845425,1.301364],[103.845867,1.302009],[103.845373,1.302241],[103.845823,1.303308],[103.845409,1.303912],[103.846041,1.304758],[103.848156,1.303453],[103.848388,1.303773],[103.84867,1.305407],[103.84656,1.306907],[103.84704,1.308141],[103.845769,1.309844],[103.844324,1.310556],[103.840047,1.312385],[103.83908,1.313109],[103.838492,1.313856],[103.83534,1.317369],[103.831052,1.314008],[103.829427,1.312602],[103.828155,1.312196],[103.827809,1.311855],[103.827338,1.310246],[103.826732,1.30907],[103.827774,1.307944],[103.827757,1.30745],[103.828163,1.30824],[103.829172,1.307599],[103.829632,1.307947],[103.831296,1.307123],[103.831686,1.307986],[103.832352,1.307766],[103.832493,1.308208],[103.833239,1.307986],[103.833555,1.308924],[103.834159,1.309793],[103.835404,1.309147],[103.835124,1.308376],[103.835718,1.307442],[103.835874,1.306802],[103.834478,1.30648],[103.833681,1.306018],[103.833912,1.305161],[103.834571,1.304495],[103.835284,1.304181],[103.835822,1.304771],[103.836612,1.304366],[103.836813,1.304742],[103.837701,1.303841],[103.837718,1.302341],[103.839404,1.301883],[103.839823,1.303252],[103.841248,1.302794]]]},"properties":{"PLN_AREA_N":"NEWTON"}},
{"type":"Feature","geometry":{"type":"Polygon","coordinates":[[[103.771201,1.318733],[103.770783,1.32052],[103.771103,1.321887],[103.772669,1.324277],[103.77327,1.32477],[103.774624,1.325239],[103.775645,1.326427],[103.770537,1.329426],[103.769117,1.329987],[103.76813,1.331212],[103.767633,1.331436],[103.767077,1.33119],[103.765045,1.332098],[103.764608,1.332818],[103.760924,1.334742],[103.756739,1.337121],[103.752837,1.33927],[103.749415,1.341267],[103.748674,1.339911],[103.748661,1.339068],[103.749717,1.329363],[103.749986,1.327083],[103.750194,1.326319],[103.752178,1.322899],[103.751605,1.320957],[103.751249,1.320159],[103.749448,1.317079],[103.747625,1.31375],[103.747467,1.312753],[103.747692,1.309933],[103.747859,1.309388],[103.749,1.309444],[103.750693,1.308975],[103.752752,1.307612],[103.753425,1.306784],[103.755322,1.302251],[103.757281,1.298372],[103.758665,1.299217],[103.761024,1.301025],[103.762328,1.301344],[103.766102,1.293165],[103.766573,1.292409],[103.76737,1.29165],[103.769102,1.29387],[103.769627,1.295496],[103.769578,1.296116],[103.76978,1.298225],[103.769866,1.300419],[103.770606,1.301802],[103.771165,1.303491],[103.771276,1.306557],[103.77152,1.308186],[103.772166,1.311363],[103.772266,1.312582],[103.771753,1.316437],[103.771201,1.318733]]]},"properties":{"PLN_AREA_N":"CLEMENTI"}},
{"type":"Feature","geometry":{"type":"Polygon","coordinates":[[[103.919509,1.301993],[103.919805,1.301833],[103.921001,1.302533],[103.921838,1.302577],[103.923199,1.303179],[103.923948,1.30294],[103.924585,1.30335],[103.925492,1.303625],[103.926369,1.303519],[103.927813,1.303774],[103.928112,1.303661],[103.929377,1.304483],[103.930388,1.304838],[103.931221,1.304931],[103.932191,1.3056],[103.932776,1.305246],[103.933682,1.305043],[103.9346,1.305698],[103.935275,1.305795],[103.936098,1.306309],[103.936872,1.30624],[103.937872,1.306813],[103.939333,1.30732],[103.939857,1.307325],[103.941902,1.308507],[103.942587,1.308711],[103.943067,1.30851],[103.943983,1.30916],[103.944527,1.309131],[103.946121,1.30966],[103.947563,1.30999],[103.948741,1.310408],[103.949277,1.310343],[103.950591,1.310808],[103.951357,1.310618],[103.95285,1.311055],[103.95368,1.311072],[103.954822,1.311569],[103.955917,1.311379],[103.957797,1.312512],[103.95844,1.312412],[103.960347,1.313643],[103.961208,1.313724],[103.962631,1.314572],[103.963634,1.31442],[103.961969,1.318107],[103.960656,1.320902],[103.959876,1.321918],[103.959041,1.32255],[103.954172,1.326604],[103.948975,1.334334],[103.939147,1.336274],[103.93833,1.336743],[103.931929,1.343094],[103.930408,1.344658],[103.92935,1.345548],[103.926298,1.347443],[103.92497,1.348585],[103.924216,1.348042],[103.920092,1.346238],[103.919246,1.345718],[103.916934,1.343759],[103.915896,1.342275],[103.912995,1.344463],[103.909908,1.341752],[103.908798,1.340894],[103.908445,1.340042],[103.907591,1.339165],[103.902331,1.339203],[103.902098,1.3387],[103.90101,1.338948],[103.899332,1.339568],[103.89794,1.340357],[103.896176,1.337797],[103.904823,1.329453],[103.905471,1.328491],[103.905841,1.327194],[103.905849,1.326599],[103.905064,1.320522],[103.904942,1.3193],[103.905232,1.316869],[103.906706,1.313323],[103.907663,1.311073],[103.908535,1.308257],[103.909983,1.305547],[103.915985,1.30703],[103.91826,1.307471],[103.918594,1.306555],[103.919509,1.301993]]]},"properties":{"PLN_AREA_N":"BEDOK"}},
{"type":"Feature","geometry":{"type":"Polygon","coordinates":[[[103.672793,1.293571],[103.674268,1.295119],[103.674343,1.295455],[103.673206,1.296718],[103.6709,1.29896],[103.670683,1.299468],[103.669457,1.300514],[103.668793,1.306317],[103.672715,1.306811],[103.672892,1.30513],[103.672788,1.30494],[103.673018,1.302626],[103.673273,1.302233],[103.678444,1.296615],[103.679777,1.297579],[103.680123,1.297184],[103.6819,1.298001],[103.681703,1.299153],[103.68176,1.300324],[103.681321,1.303896],[103.681098,1.304229],[103.681066,1.305655],[103.680732,1.307889],[103.6807,1.308822],[103.681559,1.309195],[103.681104,1.310624],[103.684635,1.3119],[103.689275,1.314541],[103.690794,1.315038],[103.692532,1.315279],[103.694049,1.315379],[103.695875,1.315222],[103.696267,1.318253],[103.696535,1.322742],[103.696508,1.327763],[103.679344,1.327773],[103.679453,1.330203],[103.675904,1.330498],[103.674932,1.33105],[103.673983,1.330499],[103.672331,1.330196],[103.671207,1.329837],[103.667721,1.327988],[103.666119,1.326623],[103.665261,1.325507],[103.663526,1.322812],[103.662896,1.322013],[103.65587,1.314534],[103.658204,1.312317],[103.65709,1.311131],[103.657487,1.310058],[103.655765,1.308473],[103.654736,1.307106],[103.65385,1.306316],[103.653121,1.305205],[103.649808,1.301689],[103.651778,1.299355],[103.653752,1.301031],[103.656397,1.297878],[103.656825,1.2975],[103.655868,1.296682],[103.656673,1.295952],[103.657636,1.296777],[103.659049,1.295692],[103.658639,1.294918],[103.659361,1.29481],[103.661275,1.293819],[103.664739,1.291879],[103.665436,1.29073],[103.665203,1.290356],[103.666586,1.288676],[103.671537,1.292792],[103.672793,1.293571]]]},"properties":{"PLN_AREA_N":"PIONEER"}},
{"type":"Feature","geometry":{"type":"Polygon","coordinates":[[[103.711853,1.297356],[103.711878,1.29961],[103.721961,1.299478],[103.721965,1.299798],[103.720399,1.299814],[103.720833,1.300503],[103.720917,1.301184],[103.715358,1.305899],[103.714528,1.306297],[103.712777,1.306415],[103.712205,1.307317],[103.7122,1.308439],[103.715848,1.308417],[103.722514,1.302764],[103.727608,1.300271],[103.729654,1.301631],[103.730643,1.301242],[103.732614,1.300856],[103.734252,1.300347],[103.734927,1.300333],[103.737891,1.299477],[103.739272,1.299358],[103.739795,1.299034],[103.740856,1.298814],[103.743431,1.301322],[103.743703,1.300991],[103.74483,1.300882],[103.743909,1.299155],[103.743913,1.298299],[103.744487,1.297881],[103.746011,1.297287],[103.747587,1.29682],[103.748467,1.296788],[103.749083,1.296503],[103.751997,1.296701],[103.754482,1.29712],[103.755369,1.297126],[103.757281,1.298372],[103.755322,1.302251],[103.753425,1.306784],[103.752752,1.307612],[103.750693,1.308975],[103.749,1.309444],[103.747859,1.309388],[103.747692,1.309933],[103.747467,1.312753],[103.747625,1.31375],[103.749448,1.317079],[103.751249,1.320159],[103.751605,1.320957],[103.752178,1.322899],[103.750194,1.326319],[103.749986,1.327083],[103.749717,1.329363],[103.748661,1.339068],[103.748674,1.339911],[103.749415,1.341267],[103.745304,1.343643],[103.743497,1.344514],[103.742422,1.344839],[103.741195,1.345023],[103.739738,1.345086],[103.738194,1.345518],[103.737264,1.346003],[103.736005,1.34695],[103.734437,1.34869],[103.732097,1.351114],[103.731325,1.351732],[103.728143,1.353609],[103.728085,1.349593],[103.728151,1.34812],[103.728161,1.344365],[103.726666,1.344445],[103.724919,1.344897],[103.723654,1.345022],[103.721853,1.344917],[103.721835,1.343877],[103.7214,1.342784],[103.721447,1.341955],[103.721843,1.341376],[103.723165,1.340346],[103.724792,1.337571],[103.725085,1.336774],[103.724966,1.332038],[103.724776,1.328682],[103.724928,1.327826],[103.726015,1.325032],[103.72181,1.324138],[103.719599,1.323589],[103.720178,1.32099],[103.720326,1.319998],[103.720236,1.318124],[103.719477,1.314308],[103.717886,1.314621],[103.709812,1.314091],[103.710033,1.312503],[103.710077,1.311126],[103.709834,1.310349],[103.709828,1.307787],[103.710812,1.308412],[103.711324,1.307501],[103.711439,1.306695],[103.711336,1.297363],[103.711853,1.297356]],[[103.711716,1.307939],[103.711229,1.308722],[103.712016,1.308964],[103.711716,1.307939]]]},"properties":{"PLN_AREA_N":"JURONG EAST"}},
{"type":"Feature","geometry":{"type":"Polygon","coordinates":[[[103.865322,1.294173],[103.870131,1.295061],[103.872752,1.295363],[103.877668,1.295522],[103.885329,1.295763],[103.885303,1.297327],[103.885518,1.301201],[103.884733,1.302603],[103.884496,1.303528],[103.8838,1.304539],[103.883195,1.305122],[103.880816,1.306931],[103.876004,1.308789],[103.875283,1.311784],[103.874889,1.314083],[103.874713,1.316152],[103.874833,1.317435],[103.875273,1.319228],[103.875918,1.320074],[103.87508,1.320614],[103.874524,1.321194],[103.871979,1.324715],[103.87044,1.326548],[103.868743,1.327819],[103.866886,1.328704],[103.865376,1.329198],[103.862352,1.330439],[103.862184,1.328627],[103.861842,1.327719],[103.860895,1.326318],[103.858068,1.323656],[103.856273,1.321614],[103.854517,1.320173],[103.852149,1.318852],[103.848304,1.317079],[103.846711,1.315895],[103.845785,1.314771],[103.845068,1.313059],[103.844324,1.310556],[103.845769,1.309844],[103.84704,1.308141],[103.848764,1.306623],[103.85065,1.309109],[103.85113,1.308738],[103.852485,1.310523],[103.853503,1.312729],[103.854365,1.31362],[103.855414,1.311805],[103.854473,1.310618],[103.858712,1.306818],[103.85963,1.305829],[103.860196,1.305009],[103.862277,1.301582],[103.864254,1.302783],[103.866153,1.304364],[103.86696,1.303325],[103.868506,1.304326],[103.868885,1.303765],[103.869065,1.302881],[103.868668,1.301859],[103.867979,1.300801],[103.86608,1.299032],[103.865569,1.298395],[103.865253,1.29701],[103.865322,1.294173]]]},"properties":{"PLN_AREA_N":"KALLANG"}},
{"type":"Feature","geometry":{"type":"Polygon","coordinates":[[[103.841358,1.299073],[103.841626,1.299754],[103.84283,1.299376],[103.842984,1.300012],[103.843224,1.300999],[103.842621,1.301678],[103.841248,1.302794],[103.839823,1.303252],[103.839404,1.301883],[103.837718,1.302341],[103.837701,1.303841],[103.836813,1.304742],[103.836612,1.304366],[103.835822,1.304771],[103.835284,1.304181],[103.834571,1.304495],[103.833912,1.305161],[103.833681,1.306018],[103.834478,1.30648],[103.835874,1.306802],[103.835718,1.307442],[103.835124,1.308376],[103.835404,1.309147],[103.834159,1.309793],[103.833555,1.308924],[103.833239,1.307986],[103.832493,1.308208],[103.832352,1.307766],[103.831686,1.307986],[103.831296,1.307123],[103.829632,1.307947],[103.829172,1.307599],[103.828163,1.30824],[103.827757,1.30745],[103.827343,1.307028],[103.825102,1.305618],[103.823239,1.305277],[103.822664,1.305054],[103.823291,1.30438],[103.823506,1.30355],[103.823413,1.302678],[103.825223,1.302925],[103.825917,1.303237],[103.827076,1.304173],[103.82846,1.30465],[103.829828,1.304416],[103.831585,1.303384],[103.832386,1.302704],[103.834276,1.30082],[103.835375,1.300168],[103.837367,1.299699],[103.837752,1.298461],[103.838833,1.29824],[103.839657,1.299243],[103.840487,1.299276],[103.841358,1.299073]]]},"properties":{"PLN_AREA_N":"ORCHARD"}},
{"type":"Feature","geometry":{"type":"Polygon","coordinates":[[[103.8838,1.304539],[103.884592,1.30529],[103.88532,1.305524],[103.889463,1.306225],[103.890091,1.30678],[103.889725,1.308589],[103.894618,1.309577],[103.899903,1.309464],[103.901502,1.309541],[103.906706,1.313323],[103.905232,1.316869],[103.904942,1.3193],[103.905064,1.320522],[103.905849,1.326599],[103.905841,1.327194],[103.905471,1.328491],[103.904823,1.329453],[103.896176,1.337797],[103.895377,1.336902],[103.894407,1.336081],[103.892824,1.335042],[103.890607,1.334052],[103.888872,1.33356],[103.886813,1.333058],[103.879804,1.331529],[103.875889,1.330282],[103.868743,1.327819],[103.87044,1.326548],[103.871979,1.324715],[103.874524,1.321194],[103.87508,1.320614],[103.875918,1.320074],[103.875273,1.319228],[103.874833,1.317435],[103.874713,1.316152],[103.874889,1.314083],[103.875283,1.311784],[103.876004,1.308789],[103.880816,1.306931],[103.883195,1.305122],[103.8838,1.304539]]]},"properties":{"PLN_AREA_N":"GEYLANG"}},
{"type":"Feature","geometry":{"type":"Polygon","coordinates":[[[103.888872,1.33356],[103.888366,1.335138],[103.887079,1.337978],[103.886176,1.339533],[103.885062,1.340861],[103.884393,1.340891],[103.883207,1.341228],[103.879436,1.342987],[103.877449,1.344162],[103.876074,1.344191],[103.874314,1.343506],[103.871779,1.343536],[103.869967,1.342744],[103.869129,1.342781],[103.865564,1.344269],[103.864743,1.344315],[103.862764,1.343722],[103.860437,1.343403],[103.854304,1.343206],[103.848832,1.343951],[103.846968,1.344024],[103.845559,1.343935],[103.844017,1.344063],[103.842375,1.344887],[103.841203,1.345071],[103.840689,1.344933],[103.839882,1.344328],[103.838954,1.343385],[103.83652,1.341996],[103.835988,1.341684],[103.837144,1.339772],[103.83732,1.337986],[103.837101,1.335265],[103.837388,1.334417],[103.837999,1.333443],[103.839051,1.330789],[103.839984,1.329784],[103.840578,1.328846],[103.84158,1.32927],[103.843015,1.329591],[103.847753,1.329752],[103.849366,1.32967],[103.855824,1.329102],[103.857676,1.329357],[103.860405,1.330325],[103.861155,1.330506],[103.862352,1.330439],[103.865376,1.329198],[103.866886,1.328704],[103.868743,1.327819],[103.875889,1.330282],[103.879804,1.331529],[103.886813,1.333058],[103.888872,1.33356]]]},"properties":{"PLN_AREA_N":"TOA PAYOH"}},
{"type":"Feature","geometry":{"type":"Polygon","coordinates":[[[103.802284,1.307242],[103.803354,1.310194],[103.804641,1.314367],[103.805193,1.315225],[103.808993,1.318703],[103.811586,1.320141],[103.813025,1.321831],[103.813356,1.323295],[103.813689,1.325015],[103.813867,1.327498],[103.814014,1.32847],[103.814597,1.329547],[103.816612,1.332748],[103.818269,1.334933],[103.818618,1.335787],[103.816748,1.336347],[103.816053,1.337272],[103.814571,1.338351],[103.81358,1.338198],[103.812352,1.338963],[103.81165,1.339572],[103.811688,1.340455],[103.809861,1.340906],[103.809902,1.341745],[103.808575,1.341811],[103.807374,1.341029],[103.806808,1.341335],[103.805853,1.34109],[103.805137,1.341345],[103.804213,1.341352],[103.798496,1.347378],[103.797658,1.348128],[103.796438,1.348882],[103.795072,1.349344],[103.794028,1.349527],[103.792436,1.349464],[103.791656,1.34927],[103.790396,1.348863],[103.789449,1.348009],[103.789377,1.349073],[103.78777,1.34894],[103.786177,1.348575],[103.788306,1.345693],[103.787374,1.344712],[103.786566,1.3443],[103.783772,1.343103],[103.781131,1.342271],[103.779739,1.342503],[103.778362,1.342167],[103.777828,1.341857],[103.77644,1.343506],[103.77521,1.344531],[103.772635,1.345977],[103.771879,1.346599],[103.770384,1.349016],[103.767309,1.347339],[103.764899,1.34715],[103.763183,1.346713],[103.764199,1.345021],[103.765368,1.344624],[103.765754,1.343691],[103.766485,1.343311],[103.766896,1.342217],[103.765125,1.342108],[103.764686,1.339577],[103.764147,1.339356],[103.764161,1.33857],[103.764501,1.336611],[103.765328,1.335452],[103.765605,1.335784],[103.765641,1.332453],[103.764608,1.332818],[103.765045,1.332098],[103.767077,1.33119],[103.767633,1.331436],[103.76813,1.331212],[103.769117,1.329987],[103.770537,1.329426],[103.775645,1.326427],[103.774624,1.325239],[103.77327,1.32477],[103.772669,1.324277],[103.771103,1.321887],[103.770783,1.32052],[103.771201,1.318733],[103.771901,1.318182],[103.777634,1.314134],[103.778539,1.313201],[103.779269,1.312856],[103.781649,1.312293],[103.784601,1.31109],[103.785347,1.311088],[103.785278,1.311939],[103.785779,1.313734],[103.78559,1.314442],[103.785053,1.314483],[103.784791,1.315012],[103.786683,1.315799],[103.787698,1.314594],[103.789601,1.313283],[103.790534,1.311923],[103.790856,1.310824],[103.791323,1.311491],[103.793132,1.313391],[103.79481,1.312296],[103.796108,1.312081],[103.795794,1.310588],[103.796038,1.309933],[103.796802,1.309649],[103.797502,1.308776],[103.796842,1.307974],[103.797702,1.307254],[103.798419,1.306916],[103.799352,1.308526],[103.799761,1.309653],[103.800322,1.30874],[103.802284,1.307242]]]},"properties":{"PLN_AREA_N":"BUKIT TIMAH"}},
{"type":"Feature","geometry":{"type":"Polygon","coordinates":[[[103.667721,1.327988],[103.667184,1.328329],[103.665446,1.330138],[103.664754,1.330326],[103.657138,1.333569],[103.656726,1.334543],[103.654434,1.33641],[103.652417,1.338251],[103.651959,1.338764],[103.651422,1.339793],[103.651391,1.340667],[103.652082,1.342353],[103.651711,1.343467],[103.649876,1.344884],[103.647779,1.345044],[103.646621,1.345757],[103.645522,1.347266],[103.644905,1.347868],[103.644103,1.348295],[103.643288,1.349075],[103.638793,1.353104],[103.638283,1.350986],[103.637595,1.351508],[103.636967,1.351678],[103.635958,1.35131],[103.635233,1.350778],[103.63458,1.349946],[103.633297,1.350796],[103.633175,1.35055],[103.634293,1.349713],[103.634151,1.347675],[103.634465,1.346641],[103.635266,1.345559],[103.635859,1.345411],[103.636469,1.345693],[103.635704,1.34348],[103.634533,1.342271],[103.634323,1.341468],[103.634548,1.340482],[103.633519,1.337378],[103.632729,1.337427],[103.632314,1.337115],[103.621355,1.319681],[103.620759,1.314757],[103.622651,1.314052],[103.623809,1.3172],[103.624597,1.319028],[103.626537,1.318302],[103.624008,1.311348],[103.619853,1.300109],[103.618698,1.297068],[103.618148,1.297161],[103.617817,1.296727],[103.617393,1.294308],[103.617508,1.293431],[103.618217,1.293347],[103.618847,1.291309],[103.619577,1.289957],[103.620032,1.288729],[103.620236,1.287768],[103.620282,1.285806],[103.620028,1.284488],[103.619463,1.283035],[103.618946,1.282161],[103.618122,1.281146],[103.616603,1.279916],[103.615137,1.279207],[103.613037,1.278498],[103.612038,1.277759],[103.611154,1.276541],[103.610416,1.274598],[103.606755,1.264668],[103.609873,1.264668],[103.60987,1.261134],[103.605711,1.261133],[103.605709,1.26023],[103.609747,1.26023],[103.609748,1.255663],[103.611994,1.255663],[103.611994,1.25295],[103.608847,1.252949],[103.608848,1.246393],[103.612436,1.246391],[103.612435,1.243683],[103.605702,1.243675],[103.605713,1.223045],[103.605865,1.22213],[103.606394,1.220821],[103.607387,1.219646],[103.608274,1.219072],[103.6091,1.218768],[103.64191,1.210297],[103.64263,1.21026],[103.645045,1.211442],[103.646758,1.21256],[103.648064,1.213277],[103.658575,1.217166],[103.656918,1.221605],[103.617346,1.221603],[103.617345,1.229199],[103.649839,1.229202],[103.649839,1.238155],[103.617345,1.238152],[103.617344,1.245025],[103.637785,1.245027],[103.644355,1.247964],[103.644354,1.253981],[103.617343,1.253979],[103.617343,1.260852],[103.643355,1.260854],[103.643331,1.269785],[103.642434,1.269899],[103.639738,1.269898],[103.640438,1.27908],[103.641684,1.279262],[103.645615,1.278966],[103.647224,1.279372],[103.648663,1.280263],[103.649459,1.281205],[103.6499,1.282085],[103.650174,1.283276],[103.650039,1.284972],[103.64969,1.285877],[103.64655,1.29168],[103.645035,1.300617],[103.64473,1.300972],[103.649176,1.305389],[103.649768,1.305301],[103.650452,1.305564],[103.651352,1.30669],[103.653725,1.309142],[103.653901,1.308999],[103.656206,1.311469],[103.656795,1.310908],[103.65709,1.311131],[103.658204,1.312317],[103.65587,1.314534],[103.662896,1.322013],[103.663526,1.322812],[103.665261,1.325507],[103.666119,1.326623],[103.667721,1.327988]]]},"properties":{"PLN_AREA_N":"TUAS"}},
{"type":"Feature","geometry":{"type":"Polygon","coordinates":[[[103.708389,1.328185],[103.71327,1.329321],[103.721062,1.331654],[103.721059,1.329836],[103.720656,1.328649],[103.719367,1.326484],[103.719201,1.325385],[103.719599,1.323589],[103.72181,1.324138],[103.726015,1.325032],[103.724928,1.327826],[103.724776,1.328682],[103.724966,1.332038],[103.725085,1.336774],[103.724792,1.337571],[103.723165,1.340346],[103.721843,1.341376],[103.721447,1.341955],[103.7214,1.342784],[103.721835,1.343877],[103.721853,1.344917],[103.723654,1.345022],[103.724919,1.344897],[103.726666,1.344445],[103.728161,1.344365],[103.728151,1.34812],[103.728085,1.349593],[103.728143,1.353609],[103.726735,1.35431],[103.725061,1.355002],[103.72332,1.355426],[103.718459,1.35571],[103.717461,1.355924],[103.715281,1.356802],[103.714073,1.357428],[103.711415,1.359692],[103.706246,1.364348],[103.704871,1.363074],[103.702199,1.360137],[103.696996,1.354037],[103.694665,1.35076],[103.692547,1.348087],[103.690311,1.345912],[103.682721,1.340006],[103.681877,1.339596],[103.679467,1.339322],[103.678601,1.338985],[103.677651,1.338085],[103.677218,1.337227],[103.675514,1.331908],[103.674932,1.33105],[103.675904,1.330498],[103.679453,1.330203],[103.679344,1.327773],[103.696508,1.327763],[103.706696,1.327767],[103.708389,1.328185]]]},"properties":{"PLN_AREA_N":"JURONG WEST"}},
{"type":"Feature","geometry":{"type":"Polygon","coordinates":[[[103.858546,1.37655],[103.858289,1.378202],[103.858264,1.379186],[103.858384,1.382803],[103.858355,1.385037],[103.858111,1.391112],[103.858046,1.393168],[103.857664,1.395604],[103.857493,1.396164],[103.856751,1.396954],[103.855182,1.3977],[103.853655,1.397614],[103.852388,1.397088],[103.851036,1.396602],[103.850071,1.396469],[103.846631,1.396607],[103.84494,1.396613],[103.842681,1.396437],[103.840465,1.395987],[103.836426,1.394961],[103.835041,1.39454],[103.829735,1.393266],[103.827372,1.392948],[103.825802,1.392916],[103.823405,1.393138],[103.818822,1.394341],[103.818749,1.393447],[103.818019,1.390458],[103.817987,1.389403],[103.818384,1.38862],[103.81807,1.388262],[103.81706,1.387719],[103.816736,1.38692],[103.817362,1.386393],[103.818046,1.386685],[103.818854,1.386687],[103.819452,1.38535],[103.819341,1.383389],[103.817792,1.380636],[103.81806,1.380159],[103.819592,1.380513],[103.820474,1.380541],[103.821709,1.379576],[103.822765,1.37972],[103.823508,1.378875],[103.824158,1.37866],[103.824642,1.379195],[103.825713,1.379757],[103.827282,1.379094],[103.827715,1.378359],[103.827832,1.377408],[103.827007,1.377033],[103.826301,1.376191],[103.826579,1.374601],[103.8263,1.373513],[103.827475,1.372886],[103.827944,1.371763],[103.828005,1.370866],[103.82783,1.370167],[103.827391,1.369601],[103.827376,1.369076],[103.8283,1.367472],[103.828334,1.367994],[103.831935,1.367668],[103.833576,1.367268],[103.836944,1.366103],[103.841012,1.364612],[103.84228,1.364352],[103.845542,1.364113],[103.847617,1.363586],[103.848904,1.362944],[103.849924,1.362264],[103.851943,1.360653],[103.853392,1.359298],[103.854892,1.35665],[103.855749,1.355933],[103.856863,1.355512],[103.857094,1.35716],[103.857391,1.358159],[103.860385,1.36656],[103.86087,1.368261],[103.860911,1.369452],[103.860542,1.371048],[103.859421,1.373617],[103.858914,1.375069],[103.858546,1.37655]]]},"properties":{"PLN_AREA_N":"ANG MO KIO"}},
{"type":"Feature","geometry":{"type":"Polygon","coordinates":[[[103.856863,1.355512],[103.856944,1.353775],[103.857169,1.352664],[103.858332,1.349247],[103.860437,1.343403],[103.862764,1.343722],[103.864743,1.344315],[103.865564,1.344269],[103.869129,1.342781],[103.869967,1.342744],[103.871779,1.343536],[103.874314,1.343506],[103.876074,1.344191],[103.877449,1.344162],[103.879436,1.342987],[103.883207,1.341228],[103.884393,1.340891],[103.885062,1.340861],[103.883627,1.34223],[103.883133,1.342938],[103.882389,1.344521],[103.880421,1.347303],[103.880297,1.348455],[103.880005,1.349363],[103.879225,1.351032],[103.878655,1.351534],[103.876982,1.352006],[103.876493,1.352431],[103.878073,1.353878],[103.877462,1.354422],[103.87597,1.356323],[103.875338,1.357427],[103.874286,1.358514],[103.874035,1.358955],[103.873269,1.362185],[103.873442,1.362885],[103.874645,1.365206],[103.87559,1.367285],[103.876305,1.36939],[103.876653,1.37136],[103.876972,1.373837],[103.876994,1.375638],[103.876739,1.378748],[103.87678,1.380739],[103.876908,1.382454],[103.876703,1.38393],[103.876377,1.384554],[103.874189,1.38659],[103.87311,1.387335],[103.87086,1.387718],[103.868865,1.388197],[103.859523,1.390791],[103.858111,1.391112],[103.858355,1.385037],[103.858384,1.382803],[103.858264,1.379186],[103.858289,1.378202],[103.858546,1.37655],[103.858914,1.375069],[103.859421,1.373617],[103.860542,1.371048],[103.860911,1.369452],[103.86087,1.368261],[103.860385,1.36656],[103.857391,1.358159],[103.857094,1.35716],[103.856863,1.355512]]]},"properties":{"PLN_AREA_N":"SERANGOON"}},
{"type":"Feature","geometry":{"type":"Polygon","coordinates":[[[103.728143,1.353609],[103.731325,1.351732],[103.732097,1.351114],[103.734437,1.34869],[103.736005,1.34695],[103.737264,1.346003],[103.73814,1.347559],[103.738263,1.348813],[103.737645,1.351169],[103.73662,1.353853],[103.736546,1.355316],[103.736727,1.356096],[103.737236,1.357074],[103.739985,1.360044],[103.744111,1.365143],[103.744639,1.365687],[103.748486,1.369052],[103.745706,1.371562],[103.745092,1.371885],[103.741821,1.372557],[103.740147,1.373063],[103.738369,1.373834],[103.737601,1.374321],[103.735401,1.376037],[103.734409,1.376961],[103.732667,1.378934],[103.730536,1.377075],[103.726805,1.373425],[103.724844,1.371961],[103.723,1.370841],[103.72134,1.370136],[103.714557,1.368059],[103.711577,1.367398],[103.709644,1.36667],[103.70866,1.36612],[103.706246,1.364348],[103.711415,1.359692],[103.714073,1.357428],[103.715281,1.356802],[103.717461,1.355924],[103.718459,1.35571],[103.72332,1.355426],[103.725061,1.355002],[103.726735,1.35431],[103.728143,1.353609]]]},"properties":{"PLN_AREA_N":"TENGAH"}},
{"type":"Feature","geometry":{"type":"Polygon","coordinates":[[[103.681559,1.309195],[103.682508,1.308954],[103.683026,1.305839],[103.682995,1.305118],[103.683741,1.299075],[103.687763,1.299758],[103.689532,1.299908],[103.690877,1.299872],[103.692541,1.300313],[103.693751,1.300941],[103.693664,1.301857],[103.693732,1.303285],[103.693508,1.304712],[103.694004,1.306566],[103.695061,1.307864],[103.695574,1.306629],[103.69475,1.306004],[103.694375,1.304852],[103.695293,1.303162],[103.695613,1.300493],[103.696198,1.300085],[103.696179,1.299618],[103.69941,1.299526],[103.699456,1.302145],[103.699544,1.302602],[103.699239,1.303571],[103.698783,1.303749],[103.697967,1.305331],[103.696315,1.306881],[103.695789,1.306711],[103.695332,1.307784],[103.696928,1.307789],[103.69948,1.304934],[103.700002,1.304921],[103.701372,1.304138],[103.702318,1.303993],[103.702409,1.301837],[103.70778,1.302062],[103.707746,1.302919],[103.707469,1.303123],[103.707824,1.304855],[103.708461,1.305458],[103.708389,1.30762],[103.709828,1.30775],[103.709829,1.307752],[103.709828,1.307787],[103.709834,1.310349],[103.710077,1.311126],[103.710033,1.312503],[103.709812,1.314091],[103.717886,1.314621],[103.719477,1.314308],[103.720236,1.318124],[103.720326,1.319998],[103.720178,1.32099],[103.719599,1.323589],[103.719201,1.325385],[103.719367,1.326484],[103.720656,1.328649],[103.721059,1.329836],[103.721062,1.331654],[103.71327,1.329321],[103.708389,1.328185],[103.706696,1.327767],[103.696508,1.327763],[103.696535,1.322742],[103.696267,1.318253],[103.695875,1.315222],[103.694049,1.315379],[103.692532,1.315279],[103.690794,1.315038],[103.689275,1.314541],[103.684635,1.3119],[103.681104,1.310624],[103.681559,1.309195]]]},"properties":{"PLN_AREA_N":"BOON LAY"}},
{"type":"Feature","geometry":{"type":"Polygon","coordinates":[[[103.844324,1.310556],[103.845068,1.313059],[103.845785,1.314771],[103.846711,1.315895],[103.848304,1.317079],[103.852149,1.318852],[103.854517,1.320173],[103.856273,1.321614],[103.858068,1.323656],[103.860895,1.326318],[103.861842,1.327719],[103.862184,1.328627],[103.862352,1.330439],[103.861155,1.330506],[103.860405,1.330325],[103.857676,1.329357],[103.855824,1.329102],[103.849366,1.32967],[103.847753,1.329752],[103.843015,1.329591],[103.84158,1.32927],[103.840578,1.328846],[103.839984,1.329784],[103.839051,1.330789],[103.837999,1.333443],[103.837388,1.334417],[103.837101,1.335265],[103.83732,1.337986],[103.837144,1.339772],[103.835988,1.341684],[103.834343,1.340768],[103.833564,1.340499],[103.832215,1.340451],[103.829287,1.340799],[103.828089,1.34115],[103.826392,1.341248],[103.8248,1.34115],[103.82319,1.340684],[103.821128,1.339957],[103.819929,1.338994],[103.818618,1.335787],[103.818269,1.334933],[103.816612,1.332748],[103.814597,1.329547],[103.814014,1.32847],[103.813867,1.327498],[103.813689,1.325015],[103.813356,1.323295],[103.818927,1.322657],[103.822653,1.32166],[103.835109,1.317548],[103.83534,1.317369],[103.838492,1.313856],[103.83908,1.313109],[103.840047,1.312385],[103.844324,1.310556]]]},"properties":{"PLN_AREA_N":"NOVENA"}},
{"type":"Feature","geometry":{"type":"Polygon","coordinates":[[[103.963634,1.31442],[103.964597,1.314113],[103.965965,1.314756],[103.966372,1.314526],[103.968485,1.315366],[103.968838,1.315093],[103.97013,1.315834],[103.971179,1.315537],[103.97193,1.315969],[103.97301,1.316094],[103.973854,1.315982],[103.974722,1.316208],[103.975224,1.315989],[103.975981,1.316229],[103.976697,1.316172],[103.976696,1.315431],[103.978743,1.316155],[103.978745,1.316476],[103.980184,1.316618],[103.981617,1.316544],[103.982742,1.316314],[103.98382,1.31668],[103.984812,1.318987],[103.980453,1.320908],[103.97856,1.322426],[103.983561,1.334276],[103.983469,1.335039],[103.980838,1.336162],[103.979675,1.336437],[103.979907,1.336958],[103.972416,1.34016],[103.971172,1.34098],[103.970256,1.341912],[103.96913,1.343732],[103.967806,1.345668],[103.966533,1.347959],[103.965162,1.35003],[103.964287,1.352699],[103.962613,1.357642],[103.962006,1.358884],[103.96115,1.360242],[103.959679,1.361982],[103.958294,1.363182],[103.956694,1.364221],[103.955524,1.364795],[103.953227,1.365558],[103.94704,1.36702],[103.945616,1.367492],[103.944639,1.367959],[103.943268,1.368974],[103.940745,1.371213],[103.939841,1.371748],[103.935106,1.374279],[103.931888,1.375782],[103.930712,1.373137],[103.930402,1.371859],[103.930399,1.370964],[103.930726,1.368915],[103.930931,1.36611],[103.930938,1.360684],[103.930826,1.359421],[103.930262,1.357913],[103.925639,1.34943],[103.92497,1.348585],[103.926298,1.347443],[103.92935,1.345548],[103.930408,1.344658],[103.931929,1.343094],[103.93833,1.336743],[103.939147,1.336274],[103.948975,1.334334],[103.954172,1.326604],[103.959041,1.32255],[103.959876,1.321918],[103.960656,1.320902],[103.961969,1.318107],[103.963634,1.31442]]]},"properties":{"PLN_AREA_N":"TAMPINES"}},
{"type":"Feature","geometry":{"type":"Polygon","coordinates":[[[103.896176,1.337797],[103.89794,1.340357],[103.898675,1.341722],[103.899126,1.343107],[103.899152,1.344282],[103.898885,1.345679],[103.898363,1.347437],[103.896191,1.346774],[103.895369,1.347293],[103.893817,1.347833],[103.893497,1.348763],[103.895726,1.354008],[103.897001,1.353458],[103.897244,1.353587],[103.898165,1.35577],[103.898493,1.356204],[103.899661,1.35617],[103.900151,1.356969],[103.901974,1.357157],[103.905972,1.36448],[103.906791,1.366549],[103.908522,1.371912],[103.909453,1.374651],[103.910045,1.375856],[103.908521,1.378152],[103.907423,1.379086],[103.906305,1.3798],[103.905061,1.380352],[103.904196,1.380434],[103.897102,1.37938],[103.896666,1.379413],[103.894849,1.380005],[103.891856,1.380054],[103.890894,1.3803],[103.890347,1.380662],[103.888681,1.382104],[103.883682,1.386307],[103.881516,1.387739],[103.880594,1.388226],[103.879515,1.388588],[103.878429,1.388694],[103.876976,1.388479],[103.874755,1.387602],[103.87311,1.387335],[103.874189,1.38659],[103.876377,1.384554],[103.876703,1.38393],[103.876908,1.382454],[103.87678,1.380739],[103.876739,1.378748],[103.876994,1.375638],[103.876972,1.373837],[103.876653,1.37136],[103.876305,1.36939],[103.87559,1.367285],[103.874645,1.365206],[103.873442,1.362885],[103.873269,1.362185],[103.874035,1.358955],[103.874286,1.358514],[103.875338,1.357427],[103.87597,1.356323],[103.877462,1.354422],[103.878073,1.353878],[103.876493,1.352431],[103.876982,1.352006],[103.878655,1.351534],[103.879225,1.351032],[103.880005,1.349363],[103.880297,1.348455],[103.880421,1.347303],[103.882389,1.344521],[103.883133,1.342938],[103.883627,1.34223],[103.885062,1.340861],[103.886176,1.339533],[103.887079,1.337978],[103.888366,1.335138],[103.888872,1.33356],[103.890607,1.334052],[103.892824,1.335042],[103.894407,1.336081],[103.895377,1.336902],[103.896176,1.337797]]]},"properties":{"PLN_AREA_N":"HOUGANG"}},
{"type":"Feature","geometry":{"type":"MultiPolygon","coordinates":[[[[104.084128,1.322449],[104.084141,1.323249],[104.083298,1.322809],[104.083495,1.322302],[104.084128,1.322449]]],[[[104.071663,1.291949],[104.070859,1.291925],[104.070559,1.291046],[104.071413,1.290929],[104.071846,1.291435],[104.071663,1.291949]]],[[[104.031871,1.35839],[104.032623,1.358748],[104.033439,1.358737],[104.034403,1.3582],[104.034731,1.35835],[104.036684,1.357049],[104.037857,1.356933],[104.040957,1.354514],[104.04193,1.353452],[104.042403,1.352583],[104.042696,1.35125],[104.042611,1.3507],[104.041834,1.349615],[104.042167,1.348681],[104.042733,1.348562],[104.04328,1.348823],[104.043619,1.349777],[104.043485,1.350792],[104.042699,1.353123],[104.041311,1.354861],[104.037015,1.358162],[104.033445,1.360533],[104.031871,1.35839]]],[[[104.01535,1.31572],[104.022777,1.315915],[104.022665,1.320209],[104.028952,1.320376],[104.029063,1.316081],[104.032695,1.316177],[104.033553,1.317435],[104.032735,1.317994],[104.03255,1.324596],[104.02388,1.324348],[104.021389,1.32432],[104.020758,1.325663],[104.020693,1.327303],[104.021159,1.328958],[104.021886,1.330589],[104.022764,1.333084],[104.024746,1.33701],[104.025624,1.339679],[104.027816,1.344658],[104.03159,1.353797],[104.032571,1.355867],[104.032282,1.356882],[104.031331,1.357653],[104.031154,1.357365],[104.031394,1.35631],[104.031097,1.35471],[104.017847,1.323268],[104.015063,1.316459],[104.01535,1.31572]]]]},"properties":{"PLN_AREA_N":"CHANGI BAY"}},
{"type":"Feature","geometry":{"type":"Polygon","coordinates":[[[103.89794,1.340357],[103.899332,1.339568],[103.90101,1.338948],[103.902098,1.3387],[103.902331,1.339203],[103.907591,1.339165],[103.908445,1.340042],[103.908798,1.340894],[103.909908,1.341752],[103.912995,1.344463],[103.915896,1.342275],[103.916934,1.343759],[103.919246,1.345718],[103.920092,1.346238],[103.924216,1.348042],[103.92497,1.348585],[103.925639,1.34943],[103.930262,1.357913],[103.930826,1.359421],[103.930938,1.360684],[103.930931,1.36611],[103.930726,1.368915],[103.930399,1.370964],[103.930402,1.371859],[103.930712,1.373137],[103.931888,1.375782],[103.929679,1.376805],[103.927811,1.377453],[103.92395,1.378376],[103.922216,1.378965],[103.920649,1.379698],[103.918536,1.38129],[103.917499,1.382365],[103.916816,1.381674],[103.915666,1.380069],[103.915002,1.379544],[103.912048,1.37774],[103.910766,1.376779],[103.910045,1.375856],[103.909453,1.374651],[103.908522,1.371912],[103.906791,1.366549],[103.905972,1.36448],[103.901974,1.357157],[103.900151,1.356969],[103.899661,1.35617],[103.898493,1.356204],[103.898165,1.35577],[103.897244,1.353587],[103.897001,1.353458],[103.895726,1.354008],[103.893497,1.348763],[103.893817,1.347833],[103.895369,1.347293],[103.896191,1.346774],[103.898363,1.347437],[103.898885,1.345679],[103.899152,1.344282],[103.899126,1.343107],[103.898675,1.341722],[103.89794,1.340357]]]},"properties":{"PLN_AREA_N":"PAYA LEBAR"}},
{"type":"Feature","geometry":{"type":"Polygon","coordinates":[[[103.764608,1.332818],[103.765641,1.332453],[103.765605,1.335784],[103.765328,1.335452],[103.764501,1.336611],[103.764161,1.33857],[103.764147,1.339356],[103.764686,1.339577],[103.765125,1.342108],[103.766896,1.342217],[103.766485,1.343311],[103.765754,1.343691],[103.765368,1.344624],[103.764199,1.345021],[103.763183,1.346713],[103.764899,1.34715],[103.767309,1.347339],[103.770384,1.349016],[103.770158,1.349825],[103.769805,1.352437],[103.768847,1.355383],[103.76761,1.357376],[103.76746,1.357869],[103.767092,1.360543],[103.767154,1.361591],[103.767605,1.363183],[103.767647,1.364055],[103.767251,1.365194],[103.76539,1.367957],[103.763853,1.37036],[103.763277,1.371613],[103.762831,1.373601],[103.762329,1.376706],[103.761889,1.378418],[103.76124,1.379669],[103.757897,1.378245],[103.755447,1.376977],[103.754506,1.376732],[103.75381,1.376279],[103.752972,1.375211],[103.752539,1.37435],[103.751955,1.372692],[103.751284,1.371728],[103.748486,1.369052],[103.744639,1.365687],[103.744111,1.365143],[103.739985,1.360044],[103.737236,1.357074],[103.736727,1.356096],[103.736546,1.355316],[103.73662,1.353853],[103.737645,1.351169],[103.738263,1.348813],[103.73814,1.347559],[103.737264,1.346003],[103.738194,1.345518],[103.739738,1.345086],[103.741195,1.345023],[103.742422,1.344839],[103.743497,1.344514],[103.745304,1.343643],[103.749415,1.341267],[103.752837,1.33927],[103.756739,1.337121],[103.760924,1.334742],[103.764608,1.332818]]]},"properties":{"PLN_AREA_N":"BUKIT BATOK"}},
{"type":"Feature","geometry":{"type":"Polygon","coordinates":[[[103.974858,1.374045],[103.977974,1.377219],[103.978592,1.378278],[103.978665,1.378763],[103.974558,1.38605],[103.972874,1.387632],[103.972768,1.387322],[103.971541,1.386728],[103.970697,1.386155],[103.969251,1.384389],[103.968391,1.383743],[103.967365,1.383222],[103.967814,1.382001],[103.967506,1.381087],[103.966224,1.380611],[103.965435,1.381667],[103.9645,1.382123],[103.963313,1.382],[103.961355,1.381547],[103.958353,1.381327],[103.954799,1.381687],[103.953504,1.381932],[103.950146,1.382871],[103.949241,1.38299],[103.945756,1.385454],[103.943755,1.386703],[103.942907,1.387628],[103.942624,1.388292],[103.94282,1.390163],[103.943234,1.392247],[103.942905,1.393096],[103.940743,1.395242],[103.939958,1.395329],[103.937569,1.393247],[103.936444,1.393],[103.936152,1.3934],[103.936624,1.394767],[103.938496,1.396494],[103.938483,1.397416],[103.934779,1.400988],[103.934079,1.401149],[103.930137,1.399696],[103.930179,1.400592],[103.92704,1.399305],[103.924947,1.39833],[103.923785,1.397654],[103.922832,1.39692],[103.9199,1.394317],[103.917896,1.392159],[103.916487,1.390322],[103.914937,1.386769],[103.914326,1.385926],[103.916064,1.383862],[103.917499,1.382365],[103.918536,1.38129],[103.920649,1.379698],[103.922216,1.378965],[103.92395,1.378376],[103.927811,1.377453],[103.929679,1.376805],[103.931888,1.375782],[103.935106,1.374279],[103.939841,1.371748],[103.940745,1.371213],[103.943268,1.368974],[103.944639,1.367959],[103.945616,1.367492],[103.94704,1.36702],[103.953227,1.365558],[103.955524,1.364795],[103.956694,1.364221],[103.958294,1.363182],[103.959679,1.361982],[103.96115,1.360242],[103.962006,1.358884],[103.962613,1.357642],[103.964287,1.352699],[103.967756,1.353756],[103.968603,1.354564],[103.969958,1.359577],[103.970277,1.360214],[103.971551,1.361508],[103.973872,1.362653],[103.974519,1.363393],[103.97489,1.364235],[103.975666,1.3666],[103.976186,1.367219],[103.979112,1.369581],[103.979775,1.370296],[103.979984,1.370921],[103.979813,1.371779],[103.978867,1.372512],[103.975986,1.373185],[103.974858,1.374045]]]},"properties":{"PLN_AREA_N":"PASIR RIS"}},
{"type":"Feature","geometry":{"type":"Polygon","coordinates":[[[103.791656,1.34927],[103.790504,1.351105],[103.788929,1.352698],[103.785573,1.354861],[103.783657,1.356483],[103.782459,1.357858],[103.781581,1.359096],[103.780636,1.361068],[103.780258,1.362156],[103.779873,1.363782],[103.779175,1.367993],[103.778506,1.370737],[103.775977,1.379828],[103.775359,1.383114],[103.77445,1.390289],[103.771813,1.390368],[103.769374,1.390599],[103.765873,1.390808],[103.764956,1.390766],[103.762205,1.390368],[103.761476,1.390179],[103.758933,1.389235],[103.757329,1.38892],[103.755129,1.388866],[103.755997,1.387189],[103.757378,1.385307],[103.759428,1.383042],[103.76124,1.379669],[103.761889,1.378418],[103.762329,1.376706],[103.762831,1.373601],[103.763277,1.371613],[103.763853,1.37036],[103.76539,1.367957],[103.767251,1.365194],[103.767647,1.364055],[103.767605,1.363183],[103.767154,1.361591],[103.767092,1.360543],[103.76746,1.357869],[103.76761,1.357376],[103.768847,1.355383],[103.769805,1.352437],[103.770158,1.349825],[103.770384,1.349016],[103.771879,1.346599],[103.772635,1.345977],[103.77521,1.344531],[103.77644,1.343506],[103.777828,1.341857],[103.778362,1.342167],[103.779739,1.342503],[103.781131,1.342271],[103.783772,1.343103],[103.786566,1.3443],[103.787374,1.344712],[103.788306,1.345693],[103.786177,1.348575],[103.78777,1.34894],[103.789377,1.349073],[103.789449,1.348009],[103.790396,1.348863],[103.791656,1.34927]]]},"properties":{"PLN_AREA_N":"BUKIT PANJANG"}},
{"type":"Feature","geometry":{"type":"Polygon","coordinates":[[[103.748486,1.369052],[103.751284,1.371728],[103.751955,1.372692],[103.752539,1.37435],[103.752972,1.375211],[103.75381,1.376279],[103.754506,1.376732],[103.755447,1.376977],[103.757897,1.378245],[103.76124,1.379669],[103.759428,1.383042],[103.757378,1.385307],[103.755997,1.387189],[103.755129,1.388866],[103.753321,1.388999],[103.753199,1.390279],[103.752029,1.397868],[103.751989,1.399184],[103.752321,1.401199],[103.75285,1.402816],[103.752219,1.404194],[103.751015,1.404944],[103.749106,1.405344],[103.746018,1.405488],[103.744542,1.403822],[103.743646,1.4021],[103.743391,1.401047],[103.742836,1.396778],[103.742075,1.394713],[103.74072,1.392532],[103.74029,1.391524],[103.740163,1.390347],[103.740414,1.389115],[103.74157,1.386613],[103.735228,1.381174],[103.732667,1.378934],[103.734409,1.376961],[103.735401,1.376037],[103.737601,1.374321],[103.738369,1.373834],[103.740147,1.373063],[103.741821,1.372557],[103.745092,1.371885],[103.745706,1.371562],[103.748486,1.369052]]]},"properties":{"PLN_AREA_N":"CHOA CHU KANG"}},
{"type":"Feature","geometry":{"type":"Polygon","coordinates":[[[103.8283,1.367472],[103.828235,1.366463],[103.827566,1.364059],[103.827194,1.363628],[103.827105,1.362691],[103.826698,1.362586],[103.825396,1.363306],[103.824528,1.361678],[103.824344,1.361776],[103.820694,1.361201],[103.819163,1.357447],[103.818537,1.35487],[103.819037,1.354181],[103.823547,1.352323],[103.826738,1.354194],[103.829819,1.353118],[103.832073,1.350817],[103.832351,1.349797],[103.83384,1.349574],[103.833987,1.349142],[103.835611,1.34739],[103.835136,1.34708],[103.835782,1.34629],[103.836779,1.346357],[103.837076,1.34346],[103.835925,1.342709],[103.83652,1.341996],[103.838954,1.343385],[103.839882,1.344328],[103.840689,1.344933],[103.841203,1.345071],[103.842375,1.344887],[103.844017,1.344063],[103.845559,1.343935],[103.846968,1.344024],[103.848832,1.343951],[103.854304,1.343206],[103.860437,1.343403],[103.858332,1.349247],[103.857169,1.352664],[103.856944,1.353775],[103.856863,1.355512],[103.855749,1.355933],[103.854892,1.35665],[103.853392,1.359298],[103.851943,1.360653],[103.849924,1.362264],[103.848904,1.362944],[103.847617,1.363586],[103.845542,1.364113],[103.84228,1.364352],[103.841012,1.364612],[103.836944,1.366103],[103.833576,1.367268],[103.831935,1.367668],[103.828334,1.367994],[103.8283,1.367472]]]},"properties":{"PLN_AREA_N":"BISHAN"}},
{"type":"Feature","geometry":{"type":"Polygon","coordinates":[[[103.862131,1.42463],[103.86197,1.424478],[103.859548,1.425524],[103.854631,1.427789],[103.853401,1.428515],[103.852183,1.429499],[103.847235,1.434284],[103.846181,1.435745],[103.845504,1.437646],[103.844833,1.438955],[103.844146,1.439743],[103.842018,1.441529],[103.84094,1.442333],[103.838766,1.4437],[103.837932,1.444337],[103.836694,1.445616],[103.83587,1.44505],[103.830315,1.441626],[103.830081,1.441221],[103.829338,1.438603],[103.82905,1.437974],[103.827757,1.436496],[103.825797,1.435672],[103.825884,1.435363],[103.826609,1.432714],[103.826854,1.428623],[103.826654,1.427237],[103.825573,1.424872],[103.824879,1.420814],[103.82308,1.413411],[103.822709,1.413721],[103.821025,1.414243],[103.81968,1.414181],[103.816538,1.41364],[103.815252,1.413578],[103.814664,1.413703],[103.811111,1.415273],[103.809334,1.415396],[103.808168,1.415042],[103.806764,1.414327],[103.805777,1.414355],[103.806619,1.412386],[103.808193,1.408152],[103.809128,1.406312],[103.811086,1.403809],[103.811809,1.402726],[103.813234,1.39981],[103.81391,1.397826],[103.81453,1.396669],[103.815634,1.395572],[103.816443,1.395096],[103.818822,1.394341],[103.823405,1.393138],[103.825802,1.392916],[103.827372,1.392948],[103.829735,1.393266],[103.835041,1.39454],[103.836426,1.394961],[103.840465,1.395987],[103.842681,1.396437],[103.84494,1.396613],[103.846631,1.396607],[103.850071,1.396469],[103.851036,1.396602],[103.852388,1.397088],[103.854771,1.398771],[103.855287,1.399295],[103.855666,1.400168],[103.855635,1.401232],[103.854867,1.402692],[103.854811,1.40412],[103.855057,1.404873],[103.856062,1.406009],[103.859649,1.408534],[103.860886,1.409785],[103.861638,1.411321],[103.861864,1.41286],[103.861429,1.416064],[103.861699,1.417659],[103.862059,1.418586],[103.864035,1.421866],[103.865118,1.423016],[103.867048,1.424636],[103.867244,1.425077],[103.866915,1.424788],[103.86513,1.42453],[103.863794,1.423823],[103.862131,1.42463]],[[103.857329,1.425528],[103.857615,1.426236],[103.86316,1.423615],[103.861661,1.423539],[103.859963,1.424506],[103.857329,1.425528]]]},"properties":{"PLN_AREA_N":"YISHUN"}},
{"type":"Feature","geometry":{"type":"Polygon","coordinates":[[[103.897325,1.414706],[103.895811,1.411389],[103.895235,1.410484],[103.893035,1.407996],[103.890944,1.406074],[103.888195,1.404642],[103.887376,1.40379],[103.886947,1.402688],[103.886807,1.401207],[103.889961,1.400882],[103.895378,1.400095],[103.897784,1.399482],[103.899618,1.398857],[103.901285,1.398165],[103.903583,1.396873],[103.905109,1.395803],[103.907387,1.39385],[103.90918,1.391832],[103.913209,1.387145],[103.914326,1.385926],[103.914937,1.386769],[103.916487,1.390322],[103.917896,1.392159],[103.9199,1.394317],[103.922832,1.39692],[103.923785,1.397654],[103.924947,1.39833],[103.92704,1.399305],[103.930179,1.400592],[103.930059,1.401279],[103.930941,1.402246],[103.931158,1.403222],[103.930875,1.403873],[103.928953,1.405781],[103.927749,1.40665],[103.926865,1.407646],[103.925568,1.408835],[103.924919,1.409737],[103.923501,1.411204],[103.921336,1.412711],[103.91928,1.413482],[103.918614,1.414141],[103.918783,1.414816],[103.918357,1.415354],[103.917297,1.416103],[103.916628,1.416939],[103.915707,1.417345],[103.915181,1.416947],[103.91503,1.416379],[103.914108,1.41625],[103.913981,1.418187],[103.913778,1.418804],[103.913053,1.419918],[103.912555,1.421114],[103.910715,1.421508],[103.908026,1.421053],[103.906956,1.420025],[103.905467,1.420367],[103.904093,1.420238],[103.901786,1.419033],[103.900108,1.417782],[103.899263,1.416913],[103.898131,1.414733],[103.897464,1.415015],[103.897415,1.414906],[103.897325,1.414706]]]},"properties":{"PLN_AREA_N":"PUNGGOL"}},
{"type":"Feature","geometry":{"type":"Polygon","coordinates":[[[103.825884,1.435363],[103.824433,1.435049],[103.823346,1.43537],[103.822652,1.435942],[103.821205,1.437823],[103.819554,1.439562],[103.81858,1.440437],[103.816586,1.44191],[103.814715,1.442988],[103.8117,1.444278],[103.81147,1.442448],[103.810941,1.441051],[103.810527,1.440429],[103.806177,1.435362],[103.795981,1.423578],[103.794969,1.422566],[103.791242,1.424581],[103.789667,1.425333],[103.787559,1.426029],[103.785212,1.426461],[103.783784,1.426562],[103.782052,1.426537],[103.77987,1.426251],[103.777567,1.425588],[103.776223,1.424998],[103.77481,1.424236],[103.773628,1.423395],[103.771266,1.421508],[103.771485,1.411453],[103.771682,1.409991],[103.772951,1.409924],[103.776036,1.410776],[103.777171,1.410877],[103.779473,1.410721],[103.783221,1.410903],[103.784963,1.41158],[103.787643,1.412304],[103.789559,1.412545],[103.794679,1.414342],[103.796886,1.414985],[103.799857,1.415756],[103.801311,1.416066],[103.802791,1.416207],[103.803428,1.415966],[103.805065,1.41467],[103.805777,1.414355],[103.806764,1.414327],[103.808168,1.415042],[103.809334,1.415396],[103.811111,1.415273],[103.814664,1.413703],[103.815252,1.413578],[103.816538,1.41364],[103.81968,1.414181],[103.821025,1.414243],[103.822709,1.413721],[103.82308,1.413411],[103.824879,1.420814],[103.825573,1.424872],[103.826654,1.427237],[103.826854,1.428623],[103.826609,1.432714],[103.825884,1.435363]]]},"properties":{"PLN_AREA_N":"MANDAI"}},
{"type":"Feature","geometry":{"type":"Polygon","coordinates":[[[103.98382,1.31668],[103.984193,1.316664],[103.984563,1.316037],[103.985189,1.313592],[103.984994,1.312728],[103.983985,1.312011],[103.991274,1.314218],[103.993043,1.313408],[103.994432,1.312898],[103.999235,1.310796],[104.000588,1.310454],[104.002167,1.310414],[104.003472,1.310702],[104.005206,1.311498],[104.006522,1.311331],[104.010106,1.309768],[104.011335,1.309466],[104.012284,1.309534],[104.013458,1.31001],[104.014658,1.311265],[104.015124,1.312782],[104.01535,1.31572],[104.015063,1.316459],[104.017847,1.323268],[104.031097,1.35471],[104.031394,1.35631],[104.031154,1.357365],[104.031331,1.357653],[104.031871,1.35839],[104.033445,1.360533],[104.032792,1.360966],[104.032117,1.360986],[104.027997,1.363696],[104.02116,1.366605],[104.020848,1.367014],[104.019822,1.367488],[104.014588,1.369637],[104.013605,1.370098],[104.01248,1.369854],[104.011684,1.36907],[104.010747,1.368732],[104.009699,1.368656],[104.008932,1.368788],[104.005922,1.37002],[104.00585,1.370399],[104.006394,1.371882],[104.006824,1.372514],[104.008696,1.372587],[104.008862,1.373642],[104.007149,1.373636],[104.006164,1.374507],[104.005467,1.376235],[104.004691,1.377171],[104.004161,1.378152],[104.003766,1.379597],[104.002859,1.381645],[104.001931,1.383378],[104.001154,1.384568],[104.00069,1.386198],[104.000086,1.387473],[103.999131,1.388935],[103.99714,1.390363],[103.995978,1.390701],[103.995071,1.391405],[103.993114,1.39158],[103.991901,1.392039],[103.990708,1.392196],[103.988033,1.393133],[103.98687,1.393189],[103.984222,1.393515],[103.984053,1.393152],[103.982599,1.393365],[103.982295,1.393696],[103.981366,1.393497],[103.980736,1.392758],[103.97932,1.39271],[103.976497,1.392393],[103.975251,1.391697],[103.974819,1.390979],[103.97388,1.390507],[103.973655,1.389664],[103.972874,1.387632],[103.974558,1.38605],[103.978665,1.378763],[103.978592,1.378278],[103.977974,1.377219],[103.974858,1.374045],[103.975986,1.373185],[103.978867,1.372512],[103.979813,1.371779],[103.979984,1.370921],[103.979775,1.370296],[103.979112,1.369581],[103.976186,1.367219],[103.975666,1.3666],[103.97489,1.364235],[103.974519,1.363393],[103.973872,1.362653],[103.971551,1.361508],[103.970277,1.360214],[103.969958,1.359577],[103.968603,1.354564],[103.967756,1.353756],[103.964287,1.352699],[103.965162,1.35003],[103.966533,1.347959],[103.967806,1.345668],[103.96913,1.343732],[103.970256,1.341912],[103.971172,1.34098],[103.972416,1.34016],[103.979907,1.336958],[103.979675,1.336437],[103.980838,1.336162],[103.983469,1.335039],[103.983561,1.334276],[103.97856,1.322426],[103.980453,1.320908],[103.984812,1.318987],[103.98382,1.31668]]]},"properties":{"PLN_AREA_N":"CHANGI"}},
{"type":"Feature","geometry":{"type":"Polygon","coordinates":[[[103.852388,1.397088],[103.853655,1.397614],[103.855182,1.3977],[103.856751,1.396954],[103.857493,1.396164],[103.857664,1.395604],[103.858046,1.393168],[103.858111,1.391112],[103.859523,1.390791],[103.868865,1.388197],[103.87086,1.387718],[103.87311,1.387335],[103.874755,1.387602],[103.876976,1.388479],[103.878429,1.388694],[103.879515,1.388588],[103.880594,1.388226],[103.881516,1.387739],[103.883682,1.386307],[103.888681,1.382104],[103.890347,1.380662],[103.890894,1.3803],[103.891856,1.380054],[103.894849,1.380005],[103.896666,1.379413],[103.897102,1.37938],[103.904196,1.380434],[103.905061,1.380352],[103.906305,1.3798],[103.907423,1.379086],[103.908521,1.378152],[103.910045,1.375856],[103.910766,1.376779],[103.912048,1.37774],[103.915002,1.379544],[103.915666,1.380069],[103.916816,1.381674],[103.917499,1.382365],[103.916064,1.383862],[103.914326,1.385926],[103.913209,1.387145],[103.90918,1.391832],[103.907387,1.39385],[103.905109,1.395803],[103.903583,1.396873],[103.901285,1.398165],[103.899618,1.398857],[103.897784,1.399482],[103.895378,1.400095],[103.889961,1.400882],[103.886807,1.401207],[103.882237,1.401405],[103.878233,1.401374],[103.872114,1.401083],[103.868277,1.401022],[103.863693,1.400897],[103.860972,1.400893],[103.859635,1.400785],[103.857832,1.400462],[103.856876,1.400569],[103.855635,1.401232],[103.855666,1.400168],[103.855287,1.399295],[103.854771,1.398771],[103.852388,1.397088]]]},"properties":{"PLN_AREA_N":"SENGKANG"}},
{"type":"Feature","geometry":{"type":"Polygon","coordinates":[[[103.855635,1.401232],[103.856876,1.400569],[103.857832,1.400462],[103.859635,1.400785],[103.860972,1.400893],[103.863693,1.400897],[103.868277,1.401022],[103.872114,1.401083],[103.878233,1.401374],[103.882237,1.401405],[103.886807,1.401207],[103.886947,1.402688],[103.887376,1.40379],[103.888195,1.404642],[103.890944,1.406074],[103.893035,1.407996],[103.895235,1.410484],[103.895811,1.411389],[103.897325,1.414706],[103.897415,1.414906],[103.896672,1.415255],[103.897609,1.417401],[103.897798,1.418042],[103.897773,1.419097],[103.897134,1.420352],[103.895018,1.421853],[103.890017,1.424782],[103.88868,1.425436],[103.887274,1.42317],[103.886546,1.423595],[103.888124,1.425765],[103.885175,1.427583],[103.883617,1.428628],[103.880507,1.430852],[103.879217,1.431542],[103.87713,1.431986],[103.875331,1.43182],[103.873343,1.430988],[103.87137,1.429798],[103.870178,1.428978],[103.869666,1.428469],[103.869127,1.427507],[103.869195,1.426794],[103.867244,1.425077],[103.867048,1.424636],[103.865118,1.423016],[103.864035,1.421866],[103.862059,1.418586],[103.861699,1.417659],[103.861429,1.416064],[103.861864,1.41286],[103.861638,1.411321],[103.860886,1.409785],[103.859649,1.408534],[103.856062,1.406009],[103.855057,1.404873],[103.854811,1.40412],[103.854867,1.402692],[103.855635,1.401232]],[[103.868465,1.425688],[103.869358,1.426474],[103.869858,1.425903],[103.870598,1.425442],[103.869965,1.424495],[103.867362,1.424717],[103.868465,1.425688]]]},"properties":{"PLN_AREA_N":"SELETAR"}},
{"type":"Feature","geometry":{"type":"Polygon","coordinates":[[[103.755129,1.388866],[103.757329,1.38892],[103.758933,1.389235],[103.761476,1.390179],[103.762205,1.390368],[103.764956,1.390766],[103.765873,1.390808],[103.769374,1.390599],[103.771813,1.390368],[103.77445,1.390289],[103.773984,1.394155],[103.773896,1.397718],[103.773784,1.399897],[103.773356,1.402789],[103.772983,1.404415],[103.771835,1.408887],[103.771682,1.409991],[103.771485,1.411453],[103.771266,1.421508],[103.771128,1.424173],[103.770894,1.425387],[103.770417,1.42703],[103.769213,1.430334],[103.768908,1.431351],[103.768553,1.43405],[103.768489,1.438838],[103.768417,1.440511],[103.767644,1.440468],[103.766764,1.440679],[103.765659,1.441935],[103.765192,1.442985],[103.764396,1.44345],[103.764268,1.44333],[103.761875,1.444353],[103.760382,1.444124],[103.758859,1.443452],[103.757282,1.443506],[103.751703,1.444735],[103.744203,1.446293],[103.743561,1.446219],[103.743073,1.445785],[103.742922,1.445213],[103.742898,1.439279],[103.742161,1.4389],[103.738708,1.438901],[103.738444,1.439576],[103.738424,1.440782],[103.737735,1.440642],[103.737294,1.439782],[103.736998,1.438719],[103.737209,1.437408],[103.73811,1.437708],[103.738484,1.438315],[103.740786,1.438285],[103.741289,1.436228],[103.741788,1.434966],[103.742623,1.433673],[103.743192,1.431795],[103.743443,1.430281],[103.743596,1.428268],[103.743258,1.426371],[103.741996,1.424797],[103.739329,1.422281],[103.741092,1.416911],[103.742034,1.414215],[103.742097,1.41282],[103.741556,1.410194],[103.741569,1.409351],[103.741884,1.408258],[103.742564,1.407208],[103.743315,1.406515],[103.744136,1.406077],[103.746018,1.405488],[103.749106,1.405344],[103.751015,1.404944],[103.752219,1.404194],[103.75285,1.402816],[103.752321,1.401199],[103.751989,1.399184],[103.752029,1.397868],[103.753199,1.390279],[103.753321,1.388999],[103.755129,1.388866]]]},"properties":{"PLN_AREA_N":"SUNGEI KADUT"}},
{"type":"Feature","geometry":{"type":"Polygon","coordinates":[[[103.8117,1.444278],[103.808209,1.445669],[103.806335,1.44672],[103.803995,1.448629],[103.80322,1.449691],[103.801229,1.454027],[103.800497,1.456671],[103.798861,1.45621],[103.797573,1.455521],[103.795092,1.45749],[103.794111,1.458647],[103.793337,1.460267],[103.792809,1.460484],[103.791792,1.462045],[103.790928,1.461189],[103.789862,1.460831],[103.788343,1.459617],[103.787556,1.459205],[103.787206,1.458713],[103.785679,1.457881],[103.78466,1.456784],[103.784349,1.456698],[103.783472,1.455584],[103.782668,1.455411],[103.782462,1.455083],[103.779739,1.453475],[103.776334,1.451262],[103.774571,1.450802],[103.772705,1.449873],[103.771246,1.448864],[103.770618,1.448707],[103.769408,1.452686],[103.769054,1.452488],[103.76986,1.449826],[103.769746,1.449055],[103.768974,1.447752],[103.76749,1.446564],[103.76684,1.445],[103.766837,1.444193],[103.76584,1.443836],[103.764645,1.443673],[103.764396,1.44345],[103.765192,1.442985],[103.765659,1.441935],[103.766764,1.440679],[103.767644,1.440468],[103.768417,1.440511],[103.768489,1.438838],[103.768553,1.43405],[103.768908,1.431351],[103.769213,1.430334],[103.770417,1.42703],[103.770894,1.425387],[103.771128,1.424173],[103.771266,1.421508],[103.773628,1.423395],[103.77481,1.424236],[103.776223,1.424998],[103.777567,1.425588],[103.77987,1.426251],[103.782052,1.426537],[103.783784,1.426562],[103.785212,1.426461],[103.787559,1.426029],[103.789667,1.425333],[103.791242,1.424581],[103.794969,1.422566],[103.795981,1.423578],[103.806177,1.435362],[103.810527,1.440429],[103.810941,1.441051],[103.81147,1.442448],[103.8117,1.444278]]]},"properties":{"PLN_AREA_N":"WOODLANDS"}},
{"type":"Feature","geometry":{"type":"Polygon","coordinates":[[[103.8117,1.444278],[103.814715,1.442988],[103.816586,1.44191],[103.81858,1.440437],[103.819554,1.439562],[103.821205,1.437823],[103.822652,1.435942],[103.823346,1.43537],[103.824433,1.435049],[103.825884,1.435363],[103.825797,1.435672],[103.827757,1.436496],[103.82905,1.437974],[103.829338,1.438603],[103.830081,1.441221],[103.830315,1.441626],[103.83587,1.44505],[103.836694,1.445616],[103.835513,1.447383],[103.833064,1.451385],[103.847814,1.460524],[103.846149,1.461266],[103.842114,1.462901],[103.837962,1.464532],[103.837126,1.464813],[103.836345,1.464167],[103.83527,1.46414],[103.832899,1.459958],[103.831946,1.460505],[103.834297,1.464709],[103.827539,1.468587],[103.824554,1.463321],[103.824091,1.463587],[103.822643,1.461016],[103.822275,1.461223],[103.823722,1.463755],[103.823337,1.464019],[103.822193,1.462447],[103.821685,1.462724],[103.823384,1.46576],[103.822801,1.466167],[103.822327,1.46717],[103.820534,1.466148],[103.819399,1.464462],[103.818591,1.464958],[103.820266,1.467307],[103.821896,1.468252],[103.822168,1.468637],[103.821427,1.469244],[103.820354,1.469768],[103.818184,1.470556],[103.817594,1.470683],[103.814287,1.470616],[103.811822,1.470333],[103.809772,1.469793],[103.808799,1.470565],[103.806218,1.470038],[103.803038,1.469034],[103.801582,1.468477],[103.80048,1.467262],[103.799757,1.466766],[103.799035,1.467045],[103.797996,1.466184],[103.797075,1.465861],[103.796925,1.465379],[103.795084,1.46422],[103.791859,1.462003],[103.791792,1.462045],[103.792809,1.460484],[103.793337,1.460267],[103.794111,1.458647],[103.795092,1.45749],[103.797573,1.455521],[103.798861,1.45621],[103.800497,1.456671],[103.801229,1.454027],[103.80322,1.449691],[103.803995,1.448629],[103.806335,1.44672],[103.808209,1.445669],[103.8117,1.444278]]]},"properties":{"PLN_AREA_N":"SEMBAWANG"}},
{"type":"Feature","geometry":{"type":"MultiPolygon","coordinates":[[[[103.706246,1.364348],[103.70866,1.36612],[103.709644,1.36667],[103.711577,1.367398],[103.714557,1.368059],[103.72134,1.370136],[103.723,1.370841],[103.724844,1.371961],[103.726805,1.373425],[103.730536,1.377075],[103.732667,1.378934],[103.735228,1.381174],[103.74157,1.386613],[103.740414,1.389115],[103.740163,1.390347],[103.74029,1.391524],[103.74072,1.392532],[103.742075,1.394713],[103.742836,1.396778],[103.743391,1.401047],[103.743646,1.4021],[103.744542,1.403822],[103.746018,1.405488],[103.744136,1.406077],[103.743315,1.406515],[103.742564,1.407208],[103.741884,1.408258],[103.741569,1.409351],[103.741556,1.410194],[103.742097,1.41282],[103.742034,1.414215],[103.741092,1.416911],[103.739329,1.422281],[103.736883,1.419797],[103.728738,1.411638],[103.727348,1.411071],[103.718561,1.411068],[103.717421,1.412949],[103.716246,1.414226],[103.715741,1.414448],[103.714681,1.414332],[103.713368,1.413009],[103.7123,1.412809],[103.710681,1.412955],[103.709842,1.412584],[103.708626,1.412361],[103.706035,1.412148],[103.70515,1.412381],[103.702227,1.415299],[103.701743,1.416391],[103.700973,1.416773],[103.701565,1.418054],[103.701048,1.418303],[103.699206,1.418761],[103.698651,1.41865],[103.700111,1.423187],[103.697011,1.42426],[103.697125,1.426108],[103.695784,1.427741],[103.695034,1.431525],[103.694325,1.432431],[103.69339,1.432634],[103.693015,1.433674],[103.692699,1.433479],[103.690899,1.433434],[103.690553,1.433063],[103.689646,1.433352],[103.689232,1.432906],[103.688603,1.432995],[103.68794,1.432055],[103.686524,1.431957],[103.68588,1.431526],[103.685928,1.430412],[103.684363,1.430515],[103.683341,1.431171],[103.682951,1.430523],[103.681398,1.429142],[103.680225,1.428743],[103.678996,1.428526],[103.678059,1.42912],[103.677396,1.428164],[103.676894,1.427774],[103.676404,1.426307],[103.675809,1.426185],[103.674301,1.425175],[103.674023,1.424253],[103.673917,1.422949],[103.673512,1.422013],[103.673633,1.421282],[103.674185,1.420487],[103.672721,1.419383],[103.672473,1.418804],[103.673086,1.41853],[103.673025,1.417775],[103.672164,1.418009],[103.671547,1.416046],[103.671568,1.415173],[103.671803,1.414625],[103.672706,1.413791],[103.672123,1.413487],[103.671192,1.413701],[103.670308,1.412895],[103.670599,1.411697],[103.670127,1.41139],[103.669503,1.410137],[103.668371,1.409619],[103.667634,1.408898],[103.666956,1.409318],[103.66514,1.408919],[103.665079,1.407747],[103.664147,1.406191],[103.662435,1.405372],[103.662885,1.404347],[103.662946,1.40365],[103.663437,1.402745],[103.663393,1.401897],[103.66291,1.40132],[103.662784,1.400303],[103.662054,1.398733],[103.66285,1.397307],[103.662372,1.394744],[103.662633,1.393665],[103.66271,1.392391],[103.661634,1.390604],[103.661467,1.389706],[103.661641,1.388994],[103.661254,1.388348],[103.660422,1.388042],[103.659809,1.386918],[103.659952,1.386339],[103.660443,1.385993],[103.660232,1.385263],[103.659682,1.385965],[103.658833,1.385567],[103.657456,1.384233],[103.656939,1.383391],[103.657373,1.3827],[103.656829,1.381459],[103.655633,1.379612],[103.654843,1.378],[103.654707,1.377176],[103.653427,1.37465],[103.652698,1.374595],[103.652939,1.373837],[103.652498,1.373031],[103.651998,1.374218],[103.651632,1.374654],[103.651035,1.37451],[103.651156,1.373343],[103.650761,1.372993],[103.649548,1.372824],[103.649144,1.372096],[103.649383,1.371761],[103.648966,1.370714],[103.648426,1.36983],[103.647618,1.368899],[103.646705,1.367416],[103.646489,1.366395],[103.645553,1.364654],[103.64533,1.363735],[103.644754,1.363056],[103.644505,1.362231],[103.643611,1.360499],[103.642551,1.359168],[103.640818,1.357976],[103.640394,1.358099],[103.640121,1.357106],[103.640148,1.356303],[103.639358,1.354138],[103.638793,1.353104],[103.643288,1.349075],[103.644103,1.348295],[103.644905,1.347868],[103.645522,1.347266],[103.646621,1.345757],[103.647779,1.345044],[103.649876,1.344884],[103.651711,1.343467],[103.652082,1.342353],[103.651391,1.340667],[103.651422,1.339793],[103.651959,1.338764],[103.652417,1.338251],[103.654434,1.33641],[103.656726,1.334543],[103.657138,1.333569],[103.664754,1.330326],[103.665446,1.330138],[103.667184,1.328329],[103.667721,1.327988],[103.671207,1.329837],[103.672331,1.330196],[103.673983,1.330499],[103.674932,1.33105],[103.675514,1.331908],[103.677218,1.337227],[103.677651,1.338085],[103.678601,1.338985],[103.679467,1.339322],[103.681877,1.339596],[103.682721,1.340006],[103.690311,1.345912],[103.692547,1.348087],[103.694665,1.35076],[103.696996,1.354037],[103.702199,1.360137],[103.704871,1.363074],[103.706246,1.364348]]],[[[103.685272,1.43353],[103.685468,1.434375],[103.685398,1.435063],[103.68435,1.434418],[103.684254,1.434132],[103.685272,1.43353]]],[[[103.661128,1.396805],[103.661876,1.397413],[103.661908,1.397925],[103.661516,1.399047],[103.661026,1.398568],[103.660598,1.397747],[103.660472,1.397029],[103.661128,1.396805]]]]},"properties":{"PLN_AREA_N":"WESTERN WATER CATCHMENT"}},
{"type":"Feature","geometry":{"type":"Polygon","coordinates":[[[103.818618,1.335787],[103.819929,1.338994],[103.821128,1.339957],[103.82319,1.340684],[103.8248,1.34115],[103.826392,1.341248],[103.828089,1.34115],[103.829287,1.340799],[103.832215,1.340451],[103.833564,1.340499],[103.834343,1.340768],[103.835988,1.341684],[103.83652,1.341996],[103.835925,1.342709],[103.837076,1.34346],[103.836779,1.346357],[103.835782,1.34629],[103.835136,1.34708],[103.835611,1.34739],[103.833987,1.349142],[103.83384,1.349574],[103.832351,1.349797],[103.832073,1.350817],[103.829819,1.353118],[103.826738,1.354194],[103.823547,1.352323],[103.819037,1.354181],[103.818537,1.35487],[103.819163,1.357447],[103.820694,1.361201],[103.824344,1.361776],[103.824528,1.361678],[103.825396,1.363306],[103.826698,1.362586],[103.827105,1.362691],[103.827194,1.363628],[103.827566,1.364059],[103.828235,1.366463],[103.8283,1.367472],[103.827376,1.369076],[103.827391,1.369601],[103.82783,1.370167],[103.828005,1.370866],[103.827944,1.371763],[103.827475,1.372886],[103.8263,1.373513],[103.826579,1.374601],[103.826301,1.376191],[103.827007,1.377033],[103.827832,1.377408],[103.827715,1.378359],[103.827282,1.379094],[103.825713,1.379757],[103.824642,1.379195],[103.824158,1.37866],[103.823508,1.378875],[103.822765,1.37972],[103.821709,1.379576],[103.820474,1.380541],[103.819592,1.380513],[103.81806,1.380159],[103.817792,1.380636],[103.819341,1.383389],[103.819452,1.38535],[103.818854,1.386687],[103.818046,1.386685],[103.817362,1.386393],[103.816736,1.38692],[103.81706,1.387719],[103.81807,1.388262],[103.818384,1.38862],[103.817987,1.389403],[103.818019,1.390458],[103.818749,1.393447],[103.818822,1.394341],[103.816443,1.395096],[103.815634,1.395572],[103.81453,1.396669],[103.81391,1.397826],[103.813234,1.39981],[103.811809,1.402726],[103.811086,1.403809],[103.809128,1.406312],[103.808193,1.408152],[103.806619,1.412386],[103.805777,1.414355],[103.805065,1.41467],[103.803428,1.415966],[103.802791,1.416207],[103.801311,1.416066],[103.799857,1.415756],[103.796886,1.414985],[103.794679,1.414342],[103.789559,1.412545],[103.787643,1.412304],[103.784963,1.41158],[103.783221,1.410903],[103.779473,1.410721],[103.777171,1.410877],[103.776036,1.410776],[103.772951,1.409924],[103.771682,1.409991],[103.771835,1.408887],[103.772983,1.404415],[103.773356,1.402789],[103.773784,1.399897],[103.773896,1.397718],[103.773984,1.394155],[103.77445,1.390289],[103.775359,1.383114],[103.775977,1.379828],[103.778506,1.370737],[103.779175,1.367993],[103.779873,1.363782],[103.780258,1.362156],[103.780636,1.361068],[103.781581,1.359096],[103.782459,1.357858],[103.783657,1.356483],[103.785573,1.354861],[103.788929,1.352698],[103.790504,1.351105],[103.791656,1.34927],[103.792436,1.349464],[103.794028,1.349527],[103.795072,1.349344],[103.796438,1.348882],[103.797658,1.348128],[103.798496,1.347378],[103.804213,1.341352],[103.805137,1.341345],[103.805853,1.34109],[103.806808,1.341335],[103.807374,1.341029],[103.808575,1.341811],[103.809902,1.341745],[103.809861,1.340906],[103.811688,1.340455],[103.81165,1.339572],[103.812352,1.338963],[103.81358,1.338198],[103.814571,1.338351],[103.816053,1.337272],[103.816748,1.336347],[103.818618,1.335787]]]},"properties":{"PLN_AREA_N":"CENTRAL WATER CATCHMENT"}},
{"type":"Feature","geometry":{"type":"MultiPolygon","coordinates":[[[[103.87242,1.439955],[103.869413,1.443814],[103.866361,1.447365],[103.86243,1.451774],[103.861518,1.452495],[103.860899,1.452749],[103.860065,1.452594],[103.857898,1.451646],[103.857479,1.450719],[103.858416,1.448275],[103.859703,1.445971],[103.85983,1.44493],[103.859653,1.444274],[103.859909,1.442983],[103.861419,1.44171],[103.862411,1.44007],[103.862917,1.43989],[103.863647,1.438167],[103.865245,1.436322],[103.866076,1.435717],[103.867001,1.435406],[103.868073,1.435337],[103.869678,1.435879],[103.871642,1.43737],[103.872247,1.437941],[103.872652,1.438975],[103.87242,1.439955]]],[[[103.862131,1.42463],[103.86056,1.425266],[103.857778,1.426525],[103.858153,1.427189],[103.858681,1.427228],[103.859759,1.42787],[103.864407,1.431757],[103.864907,1.432415],[103.865346,1.433479],[103.865352,1.434134],[103.86494,1.434606],[103.863606,1.434106],[103.862794,1.435966],[103.863372,1.436441],[103.860308,1.440178],[103.85875,1.4424],[103.857841,1.445241],[103.857543,1.446395],[103.857236,1.446907],[103.856291,1.449595],[103.855036,1.452489],[103.857374,1.453404],[103.858298,1.454072],[103.858191,1.454856],[103.854158,1.457475],[103.850031,1.459529],[103.847814,1.460524],[103.833064,1.451385],[103.835513,1.447383],[103.836694,1.445616],[103.837932,1.444337],[103.838766,1.4437],[103.84094,1.442333],[103.842018,1.441529],[103.844146,1.439743],[103.844833,1.438955],[103.845504,1.437646],[103.846181,1.435745],[103.847235,1.434284],[103.852183,1.429499],[103.853401,1.428515],[103.854631,1.427789],[103.859548,1.425524],[103.86197,1.424478],[103.862131,1.42463]]]]},"properties":{"PLN_AREA_N":"SIMPANG"}},
{"type":"Feature","geometry":{"type":"Polygon","coordinates":[[[103.736998,1.438719],[103.736543,1.440322],[103.736897,1.44102],[103.738131,1.442327],[103.736778,1.443721],[103.736428,1.44375],[103.735372,1.444732],[103.73422,1.445458],[103.73349,1.44622],[103.732888,1.446572],[103.732053,1.447717],[103.731494,1.447902],[103.731407,1.448889],[103.730453,1.449875],[103.729074,1.450749],[103.72835,1.451071],[103.727377,1.451184],[103.724778,1.451223],[103.724261,1.451134],[103.721892,1.45118],[103.721473,1.451306],[103.719845,1.451008],[103.719594,1.451096],[103.717564,1.450577],[103.716913,1.450559],[103.714769,1.449856],[103.712827,1.449408],[103.711952,1.448738],[103.709935,1.447628],[103.709646,1.447233],[103.707715,1.445647],[103.706729,1.445126],[103.705769,1.444189],[103.70484,1.443539],[103.704324,1.442847],[103.702045,1.440615],[103.700099,1.439556],[103.699529,1.438683],[103.698433,1.437824],[103.697406,1.436614],[103.696086,1.435433],[103.696096,1.435007],[103.694503,1.43447],[103.693015,1.433674],[103.69339,1.432634],[103.694325,1.432431],[103.695034,1.431525],[103.695784,1.427741],[103.697125,1.426108],[103.697011,1.42426],[103.700111,1.423187],[103.698651,1.41865],[103.699206,1.418761],[103.701048,1.418303],[103.701565,1.418054],[103.700973,1.416773],[103.701743,1.416391],[103.702227,1.415299],[103.70515,1.412381],[103.706035,1.412148],[103.708626,1.412361],[103.709842,1.412584],[103.710681,1.412955],[103.7123,1.412809],[103.713368,1.413009],[103.714681,1.414332],[103.715741,1.414448],[103.716246,1.414226],[103.717421,1.412949],[103.718561,1.411068],[103.727348,1.411071],[103.728738,1.411638],[103.736883,1.419797],[103.739329,1.422281],[103.741996,1.424797],[103.743258,1.426371],[103.743596,1.428268],[103.743443,1.430281],[103.743192,1.431795],[103.742623,1.433673],[103.741788,1.434966],[103.741289,1.436228],[103.740786,1.438285],[103.738484,1.438315],[103.73811,1.437708],[103.737209,1.437408],[103.736998,1.438719]]]},"properties":{"PLN_AREA_N":"LIM CHU KANG"}},
{"type":"Feature","geometry":{"type":"MultiPolygon","coordinates":[[[[103.947021,1.407589],[103.945742,1.408059],[103.944057,1.408201],[103.944816,1.406916],[103.945368,1.406593],[103.947558,1.404017],[103.948787,1.402834],[103.949615,1.402244],[103.950836,1.400963],[103.953574,1.398542],[103.954106,1.398598],[103.954517,1.399459],[103.953568,1.402952],[103.952102,1.40343],[103.950569,1.403679],[103.949146,1.404582],[103.948274,1.405654],[103.947754,1.406868],[103.947021,1.407589]]],[[[103.92805,1.419668],[103.92965,1.418417],[103.930657,1.417176],[103.931582,1.416997],[103.931745,1.417359],[103.932617,1.417488],[103.933674,1.417108],[103.934142,1.415816],[103.934797,1.415499],[103.935728,1.415511],[103.937253,1.415041],[103.937727,1.414215],[103.938953,1.414278],[103.940239,1.413233],[103.941107,1.412723],[103.943506,1.411808],[103.943947,1.411902],[103.944671,1.411162],[103.945071,1.41135],[103.94648,1.411063],[103.947487,1.410602],[103.948596,1.409659],[103.948672,1.408985],[103.950495,1.405558],[103.953482,1.405777],[103.954155,1.405429],[103.955076,1.404562],[103.955612,1.402794],[103.957629,1.400254],[103.958442,1.399464],[103.960445,1.399467],[103.962278,1.399739],[103.96622,1.401129],[103.966752,1.40092],[103.96815,1.401115],[103.968685,1.401793],[103.970381,1.402567],[103.97072,1.402101],[103.972279,1.4027],[103.972877,1.403468],[103.973358,1.403342],[103.974095,1.402618],[103.974845,1.402508],[103.978195,1.40417],[103.98703,1.404115],[103.987338,1.403451],[103.987964,1.402737],[103.988327,1.403773],[103.988749,1.404104],[103.996443,1.404056],[104.000796,1.402884],[104.002354,1.402941],[104.003145,1.40384],[104.002629,1.406387],[104.00133,1.410565],[104.000698,1.412327],[103.999572,1.41488],[103.998852,1.416123],[103.997922,1.417215],[103.996981,1.418006],[103.995567,1.418832],[103.99449,1.419214],[103.993057,1.419472],[103.991972,1.41949],[103.985752,1.419106],[103.985568,1.418761],[103.984667,1.418223],[103.982174,1.417607],[103.981493,1.417964],[103.980221,1.41791],[103.979674,1.41765],[103.978654,1.417634],[103.977231,1.417891],[103.975488,1.418458],[103.974812,1.418183],[103.974011,1.41827],[103.972853,1.419193],[103.972474,1.41904],[103.970489,1.419618],[103.969725,1.419518],[103.969253,1.419079],[103.966643,1.419075],[103.964028,1.41864],[103.963075,1.418025],[103.961403,1.417664],[103.959907,1.417912],[103.95824,1.417926],[103.957557,1.417813],[103.956496,1.417926],[103.955877,1.417733],[103.955547,1.418933],[103.954647,1.419298],[103.95344,1.419171],[103.953302,1.418684],[103.952358,1.418961],[103.949501,1.420509],[103.949116,1.421512],[103.94809,1.422627],[103.946679,1.423115],[103.945756,1.423866],[103.94486,1.423891],[103.942941,1.424337],[103.942248,1.424782],[103.940243,1.425607],[103.939618,1.425742],[103.938307,1.426508],[103.93661,1.426988],[103.935523,1.427626],[103.934942,1.427616],[103.933711,1.428102],[103.933349,1.427514],[103.932399,1.426652],[103.930483,1.426072],[103.929923,1.425081],[103.929179,1.424329],[103.928268,1.423879],[103.927041,1.423826],[103.926655,1.423495],[103.926385,1.422376],[103.927482,1.421829],[103.927604,1.420645],[103.928137,1.420327],[103.92805,1.419668]]],[[[104.05408,1.432306],[104.054439,1.432645],[104.05425,1.433333],[104.053585,1.433762],[104.048145,1.434538],[104.046791,1.435039],[104.045865,1.435991],[104.044596,1.438505],[104.043483,1.439803],[104.040995,1.440448],[104.039341,1.440679],[104.037049,1.440567],[104.036067,1.440363],[104.024493,1.437127],[104.02282,1.436434],[104.021107,1.435265],[104.011324,1.426529],[104.010511,1.425615],[104.009759,1.424401],[104.009365,1.423459],[104.009029,1.422069],[104.008947,1.42105],[104.009059,1.419624],[104.009283,1.418684],[104.012237,1.410807],[104.013236,1.409621],[104.0148,1.408876],[104.021877,1.40859],[104.022847,1.408711],[104.024215,1.409258],[104.02548,1.410336],[104.026425,1.411587],[104.027527,1.412149],[104.028648,1.412113],[104.030182,1.411402],[104.029681,1.41017],[104.028588,1.408567],[104.028272,1.407714],[104.028511,1.40677],[104.029295,1.406197],[104.029641,1.404708],[104.029236,1.403812],[104.028522,1.40314],[104.027496,1.402497],[104.02631,1.40203],[104.024334,1.401757],[104.016759,1.402015],[104.01582,1.401675],[104.015501,1.400604],[104.016336,1.397995],[104.017546,1.394942],[104.01842,1.393176],[104.019935,1.390771],[104.021149,1.389222],[104.02296,1.387328],[104.032502,1.378809],[104.037841,1.374323],[104.08051,1.33804],[104.081594,1.337536],[104.082619,1.337605],[104.083376,1.338011],[104.084004,1.338829],[104.084193,1.340015],[104.083937,1.340839],[104.082528,1.342805],[104.080222,1.346251],[104.078618,1.348916],[104.077611,1.35073],[104.075833,1.354133],[104.075233,1.355521],[104.074771,1.357355],[104.074543,1.359867],[104.074539,1.36201],[104.074804,1.364905],[104.075031,1.366415],[104.075618,1.36941],[104.076603,1.373096],[104.077325,1.375268],[104.079301,1.380556],[104.080559,1.383462],[104.081772,1.385685],[104.084196,1.389436],[104.085072,1.390907],[104.08706,1.394699],[104.08768,1.396217],[104.088128,1.397796],[104.088435,1.399825],[104.088476,1.401466],[104.08829,1.403692],[104.087967,1.40461],[104.087125,1.405794],[104.086157,1.406521],[104.084789,1.406995],[104.083815,1.407079],[104.083593,1.407485],[104.084378,1.407993],[104.085084,1.408966],[104.085092,1.410141],[104.084794,1.410639],[104.084397,1.41199],[104.083605,1.413198],[104.082752,1.415105],[104.081559,1.41744],[104.080507,1.418988],[104.078885,1.419865],[104.077841,1.420606],[104.075938,1.422543],[104.072698,1.425308],[104.069833,1.427087],[104.069268,1.427342],[104.066214,1.428369],[104.06514,1.429063],[104.063641,1.429754],[104.062454,1.429926],[104.059048,1.431349],[104.057404,1.431809],[104.055778,1.431836],[104.054826,1.431329],[104.05408,1.432306]]]]},"properties":{"PLN_AREA_N":"NORTH-EASTERN ISLANDS"}}
]}